Source Audio,Part,Début (sec),Début (min:sec),Distance,Status,Listening, ,
ml17_280a_0083_part0.wav,0,0,0:00,0.5812,ANOMALIE,Yes,,ml17_280a_00830000
ml17_280a_0083_part1.wav,1,5,0:05,0.2752,ANOMALIE,Yes,,ml17_280a_00830001
ml17_280a_0083_part2.wav,2,10,0:10,0.5571,ANOMALIE,Yes,,ml17_280a_00830002
ml17_280a_0083_part3.wav,3,15,0:15,0.205,RAS,Yes (-),,ml17_280a_00830003
ml17_280a_0083_part4.wav,4,20,0:20,0.5054,ANOMALIE,Yes,,ml17_280a_00830004
ml17_280a_0083_part5.wav,5,25,0:25,0.186,RAS,Yes (-),,ml17_280a_00830005
ml17_280a_0083_part6.wav,6,30,0:30,0.5519,ANOMALIE,,,ml17_280a_00830006
ml17_280a_0083_part7.wav,7,35,0:35,0.5343,ANOMALIE,,,ml17_280a_00830007
ml17_280a_0083_part8.wav,8,40,0:40,0.4727,ANOMALIE,,,ml17_280a_00830008
ml17_280a_0083_part9.wav,9,45,0:45,0.5062,ANOMALIE,,,ml17_280a_00830009
ml17_280a_0083_part10.wav,10,50,0:50,0.4804,ANOMALIE,,,ml17_280a_00830010
ml17_280a_0083_part11.wav,11,55,0:55,0.4637,ANOMALIE,,,ml17_280a_00830011
ml17_280a_0083_part12.wav,12,60,1:00,0.4229,ANOMALIE,,,ml17_280a_00830012
ml17_280a_0083_part13.wav,13,65,1:05,0.5193,ANOMALIE,,,ml17_280a_00830013
ml17_280a_0083_part14.wav,14,70,1:10,0.5319,ANOMALIE,,,ml17_280a_00830014
ml17_280a_0083_part15.wav,15,75,1:15,0.4676,ANOMALIE,,,ml17_280a_00830015
ml17_280a_0083_part16.wav,16,80,1:20,0.4385,ANOMALIE,,,ml17_280a_00830016
ml17_280a_0083_part17.wav,17,85,1:25,0.4752,ANOMALIE,,,ml17_280a_00830017
ml17_280a_0083_part18.wav,18,90,1:30,0.3925,ANOMALIE,,,ml17_280a_00830018
ml17_280a_0083_part19.wav,19,95,1:35,0.428,ANOMALIE,,,ml17_280a_00830019
ml17_280a_0083_part20.wav,20,100,1:40,0.5009,ANOMALIE,,,ml17_280a_00830020
ml17_280a_0083_part21.wav,21,105,1:45,0.4945,ANOMALIE,,,ml17_280a_00830021
ml17_280a_0083_part22.wav,22,110,1:50,0.396,ANOMALIE,,,ml17_280a_00830022
ml17_280a_0083_part23.wav,23,115,1:55,0.5177,ANOMALIE,,,ml17_280a_00830023
ml17_280a_0083_part24.wav,24,120,2:00,0.4962,ANOMALIE,,,ml17_280a_00830024
ml17_280a_0083_part25.wav,25,125,2:05,0.5406,ANOMALIE,,,ml17_280a_00830025
ml17_280a_0083_part26.wav,26,130,2:10,0.4764,ANOMALIE,,,ml17_280a_00830026
ml17_280a_0083_part27.wav,27,135,2:15,0.5412,ANOMALIE,,,ml17_280a_00830027
ml17_280a_0083_part28.wav,28,140,2:20,0.5251,ANOMALIE,,,ml17_280a_00830028
ml17_280a_0083_part29.wav,29,145,2:25,0.586,ANOMALIE,,,ml17_280a_00830029
ml17_280a_0083_part30.wav,30,150,2:30,0.5271,ANOMALIE,,,ml17_280a_00830030
ml17_280a_0083_part31.wav,31,155,2:35,0.6207,ANOMALIE,,,ml17_280a_00830031
ml17_280a_0083_part32.wav,32,160,2:40,0.5816,ANOMALIE,,,ml17_280a_00830032
ml17_280a_0083_part33.wav,33,165,2:45,0.582,ANOMALIE,,,ml17_280a_00830033
ml17_280a_0083_part34.wav,34,170,2:50,0.4709,ANOMALIE,,,ml17_280a_00830034
ml17_280a_0083_part35.wav,35,175,2:55,0.3699,ANOMALIE,,,ml17_280a_00830035
ml17_280a_0083_part36.wav,36,180,3:00,0.5655,ANOMALIE,,,ml17_280a_00830036
ml17_280a_0083_part37.wav,37,185,3:05,0.594,ANOMALIE,,,ml17_280a_00830037
ml17_280a_0083_part38.wav,38,190,3:10,0.251,ANOMALIE,,,ml17_280a_00830038
ml17_280a_0083_part39.wav,39,195,3:15,0.5449,ANOMALIE,,,ml17_280a_00830039
ml17_280a_0083_part40.wav,40,200,3:20,0.3611,ANOMALIE,,,ml17_280a_00830040
ml17_280a_0083_part41.wav,41,205,3:25,0.5447,ANOMALIE,,,ml17_280a_00830041
ml17_280a_0083_part42.wav,42,210,3:30,0.1477,RAS,,,ml17_280a_00830042
ml17_280a_0083_part43.wav,43,215,3:35,0.1312,RAS,,,ml17_280a_00830043
ml17_280a_0083_part44.wav,44,220,3:40,0.0927,RAS,,,ml17_280a_00830044
ml17_280a_0083_part45.wav,45,225,3:45,0.4501,ANOMALIE,,,ml17_280a_00830045
ml17_280a_0083_part46.wav,46,230,3:50,0.0808,RAS,,,ml17_280a_00830046
ml17_280a_0083_part47.wav,47,235,3:55,0.1663,RAS,,,ml17_280a_00830047
ml17_280a_0083_part48.wav,48,240,4:00,0.1515,RAS,,,ml17_280a_00830048
ml17_280a_0083_part49.wav,49,245,4:05,0.3825,ANOMALIE,,,ml17_280a_00830049
ml17_280a_0083_part50.wav,50,250,4:10,0.1152,RAS,,,ml17_280a_00830050
ml17_280a_0083_part51.wav,51,255,4:15,0.2795,ANOMALIE,,,ml17_280a_00830051
ml17_280a_0083_part52.wav,52,260,4:20,0.3049,ANOMALIE,,,ml17_280a_00830052
ml17_280a_0083_part53.wav,53,265,4:25,0.1128,RAS,,,ml17_280a_00830053
ml17_280a_0083_part54.wav,54,270,4:30,0.0976,RAS,,,ml17_280a_00830054
ml17_280a_0083_part55.wav,55,275,4:35,0.3223,ANOMALIE,,,ml17_280a_00830055
ml17_280a_0083_part56.wav,56,280,4:40,0.1094,RAS,,,ml17_280a_00830056
ml17_280a_0083_part57.wav,57,285,4:45,0.228,RAS,,,ml17_280a_00830057
ml17_280a_0083_part58.wav,58,290,4:50,0.16,RAS,,,ml17_280a_00830058
ml17_280a_0083_part59.wav,59,295,4:55,0.1812,RAS,,,ml17_280a_00830059
ml17_280a_0083_part60.wav,60,300,5:00,0.1641,RAS,,,ml17_280a_00830060
ml17_280a_0083_part61.wav,61,305,5:05,0.1273,RAS,,,ml17_280a_00830061
ml17_280a_0083_part62.wav,62,310,5:10,0.1002,RAS,,,ml17_280a_00830062
ml17_280a_0083_part63.wav,63,315,5:15,0.2116,RAS,,,ml17_280a_00830063
ml17_280a_0083_part64.wav,64,320,5:20,0.2144,RAS,,,ml17_280a_00830064
ml17_280a_0083_part65.wav,65,325,5:25,0.1929,RAS,,,ml17_280a_00830065
ml17_280a_0083_part66.wav,66,330,5:30,0.2615,ANOMALIE,,,ml17_280a_00830066
ml17_280a_0083_part67.wav,67,335,5:35,0.1997,RAS,,,ml17_280a_00830067
ml17_280a_0083_part68.wav,68,340,5:40,0.1965,RAS,,,ml17_280a_00830068
ml17_280a_0083_part69.wav,69,345,5:45,0.3566,ANOMALIE,,,ml17_280a_00830069
ml17_280a_0083_part70.wav,70,350,5:50,0.399,ANOMALIE,,,ml17_280a_00830070
ml17_280a_0083_part71.wav,71,355,5:55,0.101,RAS,,,ml17_280a_00830071
ml17_280a_0083_part72.wav,72,360,6:00,0.5406,ANOMALIE,,,ml17_280a_00830072
ml17_280a_0083_part73.wav,73,365,6:05,0.2359,RAS,,,ml17_280a_00830073
ml17_280a_0083_part74.wav,74,370,6:10,0.4341,ANOMALIE,,,ml17_280a_00830074
ml17_280a_0083_part75.wav,75,375,6:15,0.494,ANOMALIE,,,ml17_280a_00830075
ml17_280a_0083_part76.wav,76,380,6:20,0.4271,ANOMALIE,,,ml17_280a_00830076
ml17_280a_0083_part77.wav,77,385,6:25,0.5951,ANOMALIE,,,ml17_280a_00830077
ml17_280a_0083_part78.wav,78,390,6:30,0.3721,ANOMALIE,,,ml17_280a_00830078
ml17_280a_0083_part79.wav,79,395,6:35,0.4555,ANOMALIE,,,ml17_280a_00830079
ml17_280a_0083_part80.wav,80,400,6:40,0.405,ANOMALIE,,,ml17_280a_00830080
ml17_280a_0083_part81.wav,81,405,6:45,0.5366,ANOMALIE,,,ml17_280a_00830081
ml17_280a_0083_part82.wav,82,410,6:50,0.338,ANOMALIE,,,ml17_280a_00830082
ml17_280a_0083_part83.wav,83,415,6:55,0.5422,ANOMALIE,,,ml17_280a_00830083
ml17_280a_0083_part84.wav,84,420,7:00,0.5353,ANOMALIE,,,ml17_280a_00830084
ml17_280a_0088_part0.wav,0,0,0:00,0.1259,RAS,,,ml17_280a_00880000
ml17_280a_0088_part1.wav,1,5,0:05,0.107,RAS,,,ml17_280a_00880001
ml17_280a_0088_part2.wav,2,10,0:10,0.1587,RAS,,,ml17_280a_00880002
ml17_280a_0088_part3.wav,3,15,0:15,0.1443,RAS,,,ml17_280a_00880003
ml17_280a_0088_part4.wav,4,20,0:20,0.1731,RAS,,,ml17_280a_00880004
ml17_280a_0088_part5.wav,5,25,0:25,0.1162,RAS,,,ml17_280a_00880005
ml17_280a_0088_part6.wav,6,30,0:30,0.1028,RAS,,,ml17_280a_00880006
ml17_280a_0088_part7.wav,7,35,0:35,0.1273,RAS,,,ml17_280a_00880007
ml17_280a_0088_part8.wav,8,40,0:40,0.1527,RAS,,,ml17_280a_00880008
ml17_280a_0088_part9.wav,9,45,0:45,0.143,RAS,,,ml17_280a_00880009
ml17_280a_0088_part10.wav,10,50,0:50,0.106,RAS,,,ml17_280a_00880010
ml17_280a_0088_part11.wav,11,55,0:55,0.1637,RAS,,,ml17_280a_00880011
ml17_280a_0088_part12.wav,12,60,1:00,0.1452,RAS,,,ml17_280a_00880012
ml17_280a_0088_part13.wav,13,65,1:05,0.1478,RAS,,,ml17_280a_00880013
ml17_280a_0088_part14.wav,14,70,1:10,0.15,RAS,,,ml17_280a_00880014
ml17_280a_0088_part15.wav,15,75,1:15,0.1241,RAS,,,ml17_280a_00880015
ml17_280a_0088_part16.wav,16,80,1:20,0.1058,RAS,,,ml17_280a_00880016
ml17_280a_0088_part17.wav,17,85,1:25,0.0985,RAS,,,ml17_280a_00880017
ml17_280a_0088_part18.wav,18,90,1:30,0.1286,RAS,,,ml17_280a_00880018
ml17_280a_0088_part19.wav,19,95,1:35,0.138,RAS,,,ml17_280a_00880019
ml17_280a_0088_part20.wav,20,100,1:40,0.1453,RAS,,,ml17_280a_00880020
ml17_280a_0088_part21.wav,21,105,1:45,0.1324,RAS,,,ml17_280a_00880021
ml17_280a_0088_part22.wav,22,110,1:50,0.124,RAS,,,ml17_280a_00880022
ml17_280a_0088_part23.wav,23,115,1:55,0.1241,RAS,,,ml17_280a_00880023
ml17_280a_0088_part24.wav,24,120,2:00,0.1131,RAS,,,ml17_280a_00880024
ml17_280a_0088_part25.wav,25,125,2:05,0.1344,RAS,,,ml17_280a_00880025
ml17_280a_0088_part26.wav,26,130,2:10,0.1032,RAS,,,ml17_280a_00880026
ml17_280a_0088_part27.wav,27,135,2:15,0.136,RAS,,,ml17_280a_00880027
ml17_280a_0088_part28.wav,28,140,2:20,0.1166,RAS,,,ml17_280a_00880028
ml17_280a_0088_part29.wav,29,145,2:25,0.0923,RAS,,,ml17_280a_00880029
ml17_280a_0088_part30.wav,30,150,2:30,0.1883,RAS,,,ml17_280a_00880030
ml17_280a_0088_part31.wav,31,155,2:35,0.1,RAS,,,ml17_280a_00880031
ml17_280a_0088_part32.wav,32,160,2:40,0.143,RAS,,,ml17_280a_00880032
ml17_280a_0088_part33.wav,33,165,2:45,0.2072,RAS,,,ml17_280a_00880033
ml17_280a_0088_part34.wav,34,170,2:50,0.1771,RAS,,,ml17_280a_00880034
ml17_280a_0088_part35.wav,35,175,2:55,0.1315,RAS,,,ml17_280a_00880035
ml17_280a_0088_part36.wav,36,180,3:00,0.1537,RAS,,,ml17_280a_00880036
ml17_280a_0088_part37.wav,37,185,3:05,0.1156,RAS,,,ml17_280a_00880037
ml17_280a_0088_part38.wav,38,190,3:10,0.1202,RAS,,,ml17_280a_00880038
ml17_280a_0088_part39.wav,39,195,3:15,0.0821,RAS,,,ml17_280a_00880039
ml17_280a_0088_part40.wav,40,200,3:20,0.1057,RAS,,,ml17_280a_00880040
ml17_280a_0088_part41.wav,41,205,3:25,0.1461,RAS,,,ml17_280a_00880041
ml17_280a_0088_part42.wav,42,210,3:30,0.0934,RAS,,,ml17_280a_00880042
ml17_280a_0088_part43.wav,43,215,3:35,0.1078,RAS,,,ml17_280a_00880043
ml17_280a_0088_part44.wav,44,220,3:40,0.1106,RAS,,,ml17_280a_00880044
ml17_280a_0088_part45.wav,45,225,3:45,0.1057,RAS,,,ml17_280a_00880045
ml17_280a_0088_part46.wav,46,230,3:50,0.1165,RAS,,,ml17_280a_00880046
ml17_280a_0088_part47.wav,47,235,3:55,0.11,RAS,,,ml17_280a_00880047
ml17_280a_0088_part48.wav,48,240,4:00,0.1389,RAS,,,ml17_280a_00880048
ml17_280a_0088_part49.wav,49,245,4:05,0.129,RAS,,,ml17_280a_00880049
ml17_280a_0088_part50.wav,50,250,4:10,0.1167,RAS,,,ml17_280a_00880050
ml17_280a_0088_part51.wav,51,255,4:15,0.1429,RAS,,,ml17_280a_00880051
ml17_280a_0088_part52.wav,52,260,4:20,0.1096,RAS,,,ml17_280a_00880052
ml17_280a_0088_part53.wav,53,265,4:25,0.1028,RAS,,,ml17_280a_00880053
ml17_280a_0088_part54.wav,54,270,4:30,0.1249,RAS,,,ml17_280a_00880054
ml17_280a_0088_part55.wav,55,275,4:35,0.1189,RAS,,,ml17_280a_00880055
ml17_280a_0088_part56.wav,56,280,4:40,0.1352,RAS,,,ml17_280a_00880056
ml17_280a_0088_part57.wav,57,285,4:45,0.1014,RAS,,,ml17_280a_00880057
ml17_280a_0088_part58.wav,58,290,4:50,0.1799,RAS,,,ml17_280a_00880058
ml17_280a_0088_part59.wav,59,295,4:55,0.1021,RAS,,,ml17_280a_00880059
ml17_280a_0088_part60.wav,60,300,5:00,0.1791,RAS,,,ml17_280a_00880060
ml17_280a_0088_part61.wav,61,305,5:05,0.1536,RAS,,,ml17_280a_00880061
ml17_280a_0088_part62.wav,62,310,5:10,0.1395,RAS,,,ml17_280a_00880062
ml17_280a_0088_part63.wav,63,315,5:15,0.1139,RAS,,,ml17_280a_00880063
ml17_280a_0088_part64.wav,64,320,5:20,0.0969,RAS,,,ml17_280a_00880064
ml17_280a_0088_part65.wav,65,325,5:25,0.1122,RAS,,,ml17_280a_00880065
ml17_280a_0088_part66.wav,66,330,5:30,0.0957,RAS,,,ml17_280a_00880066
ml17_280a_0088_part67.wav,67,335,5:35,0.1392,RAS,,,ml17_280a_00880067
ml17_280a_0088_part68.wav,68,340,5:40,0.1296,RAS,,,ml17_280a_00880068
ml17_280a_0088_part69.wav,69,345,5:45,0.0996,RAS,,,ml17_280a_00880069
ml17_280a_0088_part70.wav,70,350,5:50,0.1301,RAS,,,ml17_280a_00880070
ml17_280a_0088_part71.wav,71,355,5:55,0.1096,RAS,,,ml17_280a_00880071
ml17_280a_0088_part72.wav,72,360,6:00,0.2291,RAS,,,ml17_280a_00880072
ml17_280a_0088_part73.wav,73,365,6:05,0.1614,RAS,,,ml17_280a_00880073
ml17_280a_0088_part74.wav,74,370,6:10,0.1269,RAS,,,ml17_280a_00880074
ml17_280a_0088_part75.wav,75,375,6:15,0.1682,RAS,,,ml17_280a_00880075
ml17_280a_0088_part76.wav,76,380,6:20,0.0978,RAS,,,ml17_280a_00880076
ml17_280a_0088_part77.wav,77,385,6:25,0.1017,RAS,,,ml17_280a_00880077
ml17_280a_0088_part78.wav,78,390,6:30,0.1325,RAS,,,ml17_280a_00880078
ml17_280a_0088_part79.wav,79,395,6:35,0.1303,RAS,,,ml17_280a_00880079
ml17_280a_0088_part80.wav,80,400,6:40,0.086,RAS,,,ml17_280a_00880080
ml17_280a_0088_part81.wav,81,405,6:45,0.1055,RAS,,,ml17_280a_00880081
ml17_280a_0088_part82.wav,82,410,6:50,0.1465,RAS,,,ml17_280a_00880082
ml17_280a_0088_part83.wav,83,415,6:55,0.2396,RAS,,,ml17_280a_00880083
ml17_280a_0088_part84.wav,84,420,7:00,0.1136,RAS,,,ml17_280a_00880084
ml17_280a_0088_part85.wav,85,425,7:05,0.1616,RAS,,,ml17_280a_00880085
ml17_280a_0088_part86.wav,86,430,7:10,0.1187,RAS,,,ml17_280a_00880086
ml17_280a_0088_part87.wav,87,435,7:15,0.1188,RAS,,,ml17_280a_00880087
ml17_280a_0088_part88.wav,88,440,7:20,0.1203,RAS,,,ml17_280a_00880088
ml17_280a_0088_part89.wav,89,445,7:25,0.1054,RAS,,,ml17_280a_00880089
ml17_280a_0088_part90.wav,90,450,7:30,0.1543,RAS,,,ml17_280a_00880090
ml17_280a_0088_part91.wav,91,455,7:35,0.1088,RAS,,,ml17_280a_00880091
ml17_280a_0088_part92.wav,92,460,7:40,0.1194,RAS,,,ml17_280a_00880092
ml17_280a_0088_part93.wav,93,465,7:45,0.1488,RAS,,,ml17_280a_00880093
ml17_280a_0088_part94.wav,94,470,7:50,0.1302,RAS,,,ml17_280a_00880094
ml17_280a_0088_part95.wav,95,475,7:55,0.107,RAS,,,ml17_280a_00880095
ml17_280a_0088_part96.wav,96,480,8:00,0.1659,RAS,,,ml17_280a_00880096
ml17_280a_0088_part97.wav,97,485,8:05,0.1156,RAS,,,ml17_280a_00880097
ml17_280a_0088_part98.wav,98,490,8:10,0.1017,RAS,,,ml17_280a_00880098
ml17_280a_0088_part99.wav,99,495,8:15,0.1082,RAS,,,ml17_280a_00880099
ml17_280a_0088_part100.wav,100,500,8:20,0.1247,RAS,,,ml17_280a_00880100
ml17_280a_0088_part101.wav,101,505,8:25,0.1035,RAS,,,ml17_280a_00880101
ml17_280a_0088_part102.wav,102,510,8:30,0.1486,RAS,,,ml17_280a_00880102
ml17_280a_0088_part103.wav,103,515,8:35,0.1364,RAS,,,ml17_280a_00880103
ml17_280a_0088_part104.wav,104,520,8:40,0.1014,RAS,,,ml17_280a_00880104
ml17_280a_0088_part105.wav,105,525,8:45,0.1262,RAS,,,ml17_280a_00880105
ml17_280a_0088_part106.wav,106,530,8:50,0.1311,RAS,,,ml17_280a_00880106
ml17_280a_0088_part107.wav,107,535,8:55,0.123,RAS,,,ml17_280a_00880107
ml17_280a_0088_part108.wav,108,540,9:00,0.1011,RAS,,,ml17_280a_00880108
ml17_280a_0088_part109.wav,109,545,9:05,0.1253,RAS,,,ml17_280a_00880109
ml17_280a_0088_part110.wav,110,550,9:10,0.0826,RAS,,,ml17_280a_00880110
ml17_280a_0088_part111.wav,111,555,9:15,0.1786,RAS,,,ml17_280a_00880111
ml17_280a_0088_part112.wav,112,560,9:20,0.1025,RAS,,,ml17_280a_00880112
ml17_280a_0088_part113.wav,113,565,9:25,0.1239,RAS,,,ml17_280a_00880113
ml17_280a_0088_part114.wav,114,570,9:30,0.0944,RAS,,,ml17_280a_00880114
ml17_280a_0088_part115.wav,115,575,9:35,0.0901,RAS,,,ml17_280a_00880115
ml17_280a_0088_part116.wav,116,580,9:40,0.1235,RAS,,,ml17_280a_00880116
ml17_280a_0088_part117.wav,117,585,9:45,0.0826,RAS,,,ml17_280a_00880117
ml17_280a_0088_part118.wav,118,590,9:50,0.1424,RAS,,,ml17_280a_00880118
ml17_280a_0088_part119.wav,119,595,9:55,0.127,RAS,,,ml17_280a_00880119
ml17_280a_0088_part120.wav,120,600,10:00,0.1516,RAS,,,ml17_280a_00880120
ml17_280a_0088_part121.wav,121,605,10:05,0.1655,RAS,,,ml17_280a_00880121
ml17_280a_0088_part122.wav,122,610,10:10,0.1459,RAS,,,ml17_280a_00880122
ml17_280a_0088_part123.wav,123,615,10:15,0.1267,RAS,,,ml17_280a_00880123
ml17_280a_0088_part124.wav,124,620,10:20,0.1155,RAS,,,ml17_280a_00880124
ml17_280a_0088_part125.wav,125,625,10:25,0.0982,RAS,,,ml17_280a_00880125
ml17_280a_0088_part126.wav,126,630,10:30,0.1389,RAS,,,ml17_280a_00880126
ml17_280a_0088_part127.wav,127,635,10:35,0.1456,RAS,,,ml17_280a_00880127
ml17_280a_0088_part128.wav,128,640,10:40,0.1925,RAS,,,ml17_280a_00880128
ml17_280a_0088_part129.wav,129,645,10:45,0.1159,RAS,,,ml17_280a_00880129
ml17_280a_0088_part130.wav,130,650,10:50,0.119,RAS,,,ml17_280a_00880130
ml17_280a_0088_part131.wav,131,655,10:55,0.1027,RAS,,,ml17_280a_00880131
ml17_280a_0088_part132.wav,132,660,11:00,0.1253,RAS,,,ml17_280a_00880132
ml17_280a_0088_part133.wav,133,665,11:05,0.0861,RAS,,,ml17_280a_00880133
ml17_280a_0088_part134.wav,134,670,11:10,0.1516,RAS,,,ml17_280a_00880134
ml17_280a_0088_part135.wav,135,675,11:15,0.1202,RAS,,,ml17_280a_00880135
ml17_280a_0088_part136.wav,136,680,11:20,0.1046,RAS,,,ml17_280a_00880136
ml17_280a_0088_part137.wav,137,685,11:25,0.1693,RAS,,,ml17_280a_00880137
ml17_280a_0088_part138.wav,138,690,11:30,0.1469,RAS,,,ml17_280a_00880138
ml17_280a_0088_part139.wav,139,695,11:35,0.1514,RAS,,,ml17_280a_00880139
ml17_280a_0088_part140.wav,140,700,11:40,0.096,RAS,,,ml17_280a_00880140
ml17_280a_0088_part141.wav,141,705,11:45,0.124,RAS,,,ml17_280a_00880141
ml17_280a_0088_part142.wav,142,710,11:50,0.1941,RAS,,,ml17_280a_00880142
ml17_280a_0088_part143.wav,143,715,11:55,0.1174,RAS,,,ml17_280a_00880143
ml17_280a_0088_part144.wav,144,720,12:00,0.1106,RAS,,,ml17_280a_00880144
ml17_280a_0088_part145.wav,145,725,12:05,0.1217,RAS,,,ml17_280a_00880145
ml17_280a_0088_part146.wav,146,730,12:10,0.0898,RAS,,,ml17_280a_00880146
ml17_280a_0088_part147.wav,147,735,12:15,0.1331,RAS,,,ml17_280a_00880147
ml17_280a_0088_part148.wav,148,740,12:20,0.1308,RAS,,,ml17_280a_00880148
ml17_280a_0088_part149.wav,149,745,12:25,0.0988,RAS,,,ml17_280a_00880149
ml17_280a_0088_part150.wav,150,750,12:30,0.1098,RAS,,,ml17_280a_00880150
ml17_280a_0088_part151.wav,151,755,12:35,0.2246,RAS,,,ml17_280a_00880151
ml17_280a_0088_part152.wav,152,760,12:40,0.1512,RAS,,,ml17_280a_00880152
ml17_280a_0088_part153.wav,153,765,12:45,0.1717,RAS,,,ml17_280a_00880153
ml17_280a_0088_part154.wav,154,770,12:50,0.0857,RAS,,,ml17_280a_00880154
ml17_280a_0088_part155.wav,155,775,12:55,0.132,RAS,,,ml17_280a_00880155
ml17_280a_0088_part156.wav,156,780,13:00,0.107,RAS,,,ml17_280a_00880156
ml17_280a_0088_part157.wav,157,785,13:05,0.0974,RAS,,,ml17_280a_00880157
ml17_280a_0088_part158.wav,158,790,13:10,0.208,RAS,,,ml17_280a_00880158
ml17_280a_0088_part159.wav,159,795,13:15,0.1206,RAS,,,ml17_280a_00880159
ml17_280a_0088_part160.wav,160,800,13:20,0.122,RAS,,,ml17_280a_00880160
ml17_280a_0088_part161.wav,161,805,13:25,0.1777,RAS,,,ml17_280a_00880161
ml17_280a_0088_part162.wav,162,810,13:30,0.0987,RAS,,,ml17_280a_00880162
ml17_280a_0088_part163.wav,163,815,13:35,0.1183,RAS,,,ml17_280a_00880163
ml17_280a_0088_part164.wav,164,820,13:40,0.1312,RAS,,,ml17_280a_00880164
ml17_280a_0088_part165.wav,165,825,13:45,0.1925,RAS,,,ml17_280a_00880165
ml17_280a_0088_part166.wav,166,830,13:50,0.1395,RAS,,,ml17_280a_00880166
ml17_280a_0144_part0.wav,0,0,0:00,0.1624,RAS,,,ml17_280a_01440000
ml17_280a_0144_part1.wav,1,5,0:05,0.2631,ANOMALIE,,,ml17_280a_01440001
ml17_280a_0144_part2.wav,2,10,0:10,0.156,RAS,,,ml17_280a_01440002
ml17_280a_0144_part3.wav,3,15,0:15,0.1146,RAS,,,ml17_280a_01440003
ml17_280a_0144_part4.wav,4,20,0:20,0.1729,RAS,,,ml17_280a_01440004
ml17_280a_0144_part5.wav,5,25,0:25,0.124,RAS,,,ml17_280a_01440005
ml17_280a_0144_part6.wav,6,30,0:30,0.2146,RAS,,,ml17_280a_01440006
ml17_280a_0144_part7.wav,7,35,0:35,0.1293,RAS,,,ml17_280a_01440007
ml17_280a_0144_part8.wav,8,40,0:40,0.3088,ANOMALIE,,,ml17_280a_01440008
ml17_280a_0144_part9.wav,9,45,0:45,0.1788,RAS,,,ml17_280a_01440009
ml17_280a_0144_part10.wav,10,50,0:50,0.1892,RAS,,,ml17_280a_01440010
ml17_280a_0144_part11.wav,11,55,0:55,0.2835,ANOMALIE,,,ml17_280a_01440011
ml17_280a_0144_part12.wav,12,60,1:00,0.1862,RAS,,,ml17_280a_01440012
ml17_280a_0144_part13.wav,13,65,1:05,0.1514,RAS,,,ml17_280a_01440013
ml17_280a_0144_part14.wav,14,70,1:10,0.1933,RAS,,,ml17_280a_01440014
ml17_280a_0144_part15.wav,15,75,1:15,0.3441,ANOMALIE,,,ml17_280a_01440015
ml17_280a_0144_part16.wav,16,80,1:20,0.1564,RAS,,,ml17_280a_01440016
ml17_280a_0144_part17.wav,17,85,1:25,0.2999,ANOMALIE,,,ml17_280a_01440017
ml17_280a_0144_part18.wav,18,90,1:30,0.1592,RAS,,,ml17_280a_01440018
ml17_280a_0144_part19.wav,19,95,1:35,0.1365,RAS,,,ml17_280a_01440019
ml17_280a_0144_part20.wav,20,100,1:40,0.1486,RAS,,,ml17_280a_01440020
ml17_280a_0144_part21.wav,21,105,1:45,0.1385,RAS,,,ml17_280a_01440021
ml17_280a_0144_part22.wav,22,110,1:50,0.1719,RAS,,,ml17_280a_01440022
ml17_280a_0144_part23.wav,23,115,1:55,0.1042,RAS,,,ml17_280a_01440023
ml17_280a_0144_part24.wav,24,120,2:00,0.1839,RAS,,,ml17_280a_01440024
ml17_280a_0144_part25.wav,25,125,2:05,0.1316,RAS,,,ml17_280a_01440025
ml17_280a_0144_part26.wav,26,130,2:10,0.1492,RAS,,,ml17_280a_01440026
ml17_280a_0144_part27.wav,27,135,2:15,0.2995,ANOMALIE,,,ml17_280a_01440027
ml17_280a_0144_part28.wav,28,140,2:20,0.1232,RAS,,,ml17_280a_01440028
ml17_280a_0144_part29.wav,29,145,2:25,0.1763,RAS,,,ml17_280a_01440029
ml17_280a_0144_part30.wav,30,150,2:30,0.1438,RAS,,,ml17_280a_01440030
ml17_280a_0144_part31.wav,31,155,2:35,0.1796,RAS,,,ml17_280a_01440031
ml17_280a_0144_part32.wav,32,160,2:40,0.2323,RAS,,,ml17_280a_01440032
ml17_280a_0144_part33.wav,33,165,2:45,0.1791,RAS,,,ml17_280a_01440033
ml17_280a_0144_part34.wav,34,170,2:50,0.1333,RAS,,,ml17_280a_01440034
ml17_280a_0144_part35.wav,35,175,2:55,0.2547,ANOMALIE,,,ml17_280a_01440035
ml17_280a_0144_part36.wav,36,180,3:00,0.1529,RAS,,,ml17_280a_01440036
ml17_280a_0144_part37.wav,37,185,3:05,0.2676,ANOMALIE,,,ml17_280a_01440037
ml17_280a_0144_part38.wav,38,190,3:10,0.1181,RAS,,,ml17_280a_01440038
ml17_280a_0144_part39.wav,39,195,3:15,0.165,RAS,,,ml17_280a_01440039
ml17_280a_0144_part40.wav,40,200,3:20,0.1456,RAS,,,ml17_280a_01440040
ml17_280a_0144_part41.wav,41,205,3:25,0.1313,RAS,,,ml17_280a_01440041
ml17_280a_0144_part42.wav,42,210,3:30,0.1188,RAS,,,ml17_280a_01440042
ml17_280a_0144_part43.wav,43,215,3:35,0.2137,RAS,,,ml17_280a_01440043
ml17_280a_0144_part44.wav,44,220,3:40,0.2359,RAS,,,ml17_280a_01440044
ml17_280a_0144_part45.wav,45,225,3:45,0.111,RAS,,,ml17_280a_01440045
ml17_280a_0144_part46.wav,46,230,3:50,0.1401,RAS,,,ml17_280a_01440046
ml17_280a_0144_part47.wav,47,235,3:55,0.121,RAS,,,ml17_280a_01440047
ml17_280a_0144_part48.wav,48,240,4:00,0.3428,ANOMALIE,,,ml17_280a_01440048
ml17_280a_0144_part49.wav,49,245,4:05,0.0957,RAS,,,ml17_280a_01440049
ml17_280a_0144_part50.wav,50,250,4:10,0.4039,ANOMALIE,,,ml17_280a_01440050
ml17_280a_0144_part51.wav,51,255,4:15,0.1094,RAS,,,ml17_280a_01440051
ml17_280a_0144_part52.wav,52,260,4:20,0.4089,ANOMALIE,,,ml17_280a_01440052
ml17_280a_0144_part53.wav,53,265,4:25,0.2491,RAS,,,ml17_280a_01440053
ml17_280a_0144_part54.wav,54,270,4:30,0.4837,ANOMALIE,,,ml17_280a_01440054
ml17_280a_0144_part55.wav,55,275,4:35,0.2152,RAS,,,ml17_280a_01440055
ml17_280a_0144_part56.wav,56,280,4:40,0.1737,RAS,,,ml17_280a_01440056
ml17_280a_0144_part57.wav,57,285,4:45,0.12,RAS,,,ml17_280a_01440057
ml17_280a_0144_part58.wav,58,290,4:50,0.1234,RAS,,,ml17_280a_01440058
ml17_280a_0144_part59.wav,59,295,4:55,0.0968,RAS,,,ml17_280a_01440059
ml17_280a_0144_part60.wav,60,300,5:00,0.1421,RAS,,,ml17_280a_01440060
ml17_280a_0144_part61.wav,61,305,5:05,0.1096,RAS,,,ml17_280a_01440061
ml17_280a_0144_part62.wav,62,310,5:10,0.1461,RAS,,,ml17_280a_01440062
ml17_280a_0144_part63.wav,63,315,5:15,0.1416,RAS,,,ml17_280a_01440063
ml17_280a_0144_part64.wav,64,320,5:20,0.1482,RAS,,,ml17_280a_01440064
ml17_280a_0144_part65.wav,65,325,5:25,0.1124,RAS,,,ml17_280a_01440065
ml17_280a_0144_part66.wav,66,330,5:30,0.1496,RAS,,,ml17_280a_01440066
ml17_280a_0144_part67.wav,67,335,5:35,0.2524,ANOMALIE,,,ml17_280a_01440067
ml17_280a_0144_part68.wav,68,340,5:40,0.1342,RAS,,,ml17_280a_01440068
ml17_280a_0144_part69.wav,69,345,5:45,0.2666,ANOMALIE,,,ml17_280a_01440069
ml17_280a_0144_part70.wav,70,350,5:50,0.1184,RAS,,,ml17_280a_01440070
ml17_280a_0144_part71.wav,71,355,5:55,0.1506,RAS,,,ml17_280a_01440071
ml17_280a_0144_part72.wav,72,360,6:00,0.1343,RAS,,,ml17_280a_01440072
ml17_280a_0144_part73.wav,73,365,6:05,0.1682,RAS,,,ml17_280a_01440073
ml17_280a_0144_part74.wav,74,370,6:10,0.1571,RAS,,,ml17_280a_01440074
ml17_280a_0144_part75.wav,75,375,6:15,0.202,RAS,,,ml17_280a_01440075
ml17_280a_0144_part76.wav,76,380,6:20,0.1687,RAS,,,ml17_280a_01440076
ml17_280a_0144_part77.wav,77,385,6:25,0.2242,RAS,,,ml17_280a_01440077
ml17_280a_0144_part78.wav,78,390,6:30,0.161,RAS,,,ml17_280a_01440078
ml17_280a_0144_part79.wav,79,395,6:35,0.1856,RAS,,,ml17_280a_01440079
ml17_280a_0144_part80.wav,80,400,6:40,0.2051,RAS,,,ml17_280a_01440080
ml17_280a_0144_part81.wav,81,405,6:45,0.1404,RAS,,,ml17_280a_01440081
ml17_280a_0144_part82.wav,82,410,6:50,0.2697,ANOMALIE,,,ml17_280a_01440082
ml17_280a_0144_part83.wav,83,415,6:55,0.1302,RAS,,,ml17_280a_01440083
ml17_280a_0144_part84.wav,84,420,7:00,0.2028,RAS,,,ml17_280a_01440084
ml17_280a_0144_part85.wav,85,425,7:05,0.1399,RAS,,,ml17_280a_01440085
ml17_280a_0144_part86.wav,86,430,7:10,0.208,RAS,,,ml17_280a_01440086
ml17_280a_0144_part87.wav,87,435,7:15,0.1746,RAS,,,ml17_280a_01440087
ml17_280a_0144_part88.wav,88,440,7:20,0.2375,RAS,,,ml17_280a_01440088
ml17_280a_0144_part89.wav,89,445,7:25,0.1352,RAS,,,ml17_280a_01440089
ml17_280a_0144_part90.wav,90,450,7:30,0.2216,RAS,,,ml17_280a_01440090
ml17_280a_0144_part91.wav,91,455,7:35,0.1528,RAS,,,ml17_280a_01440091
ml17_280a_0144_part92.wav,92,460,7:40,0.215,RAS,,,ml17_280a_01440092
ml17_280a_0144_part93.wav,93,465,7:45,0.137,RAS,,,ml17_280a_01440093
ml17_280a_0144_part94.wav,94,470,7:50,0.2823,ANOMALIE,,,ml17_280a_01440094
ml17_280a_0144_part95.wav,95,475,7:55,0.1633,RAS,,,ml17_280a_01440095
ml17_280a_0144_part96.wav,96,480,8:00,0.4152,ANOMALIE,,,ml17_280a_01440096
ml17_280a_0144_part97.wav,97,485,8:05,0.2731,ANOMALIE,,,ml17_280a_01440097
ml17_280a_0144_part98.wav,98,490,8:10,0.2349,RAS,,,ml17_280a_01440098
ml17_280a_0144_part99.wav,99,495,8:15,0.2826,ANOMALIE,,,ml17_280a_01440099
ml17_280a_0144_part100.wav,100,500,8:20,0.2657,ANOMALIE,,,ml17_280a_01440100
ml17_280a_0144_part101.wav,101,505,8:25,0.2594,ANOMALIE,,,ml17_280a_01440101
ml17_280a_0144_part102.wav,102,510,8:30,0.3019,ANOMALIE,,,ml17_280a_01440102
ml17_280a_0144_part103.wav,103,515,8:35,0.2034,RAS,,,ml17_280a_01440103
ml17_280a_0144_part104.wav,104,520,8:40,0.16,RAS,,,ml17_280a_01440104
ml17_280a_0144_part105.wav,105,525,8:45,0.4036,ANOMALIE,,,ml17_280a_01440105
ml17_280a_0144_part106.wav,106,530,8:50,0.1958,RAS,,,ml17_280a_01440106
ml17_280a_0144_part107.wav,107,535,8:55,0.1696,RAS,,,ml17_280a_01440107
ml17_280a_0144_part108.wav,108,540,9:00,0.1812,RAS,,,ml17_280a_01440108
ml17_280a_0144_part109.wav,109,545,9:05,0.1347,RAS,,,ml17_280a_01440109
ml17_280a_0144_part110.wav,110,550,9:10,0.2029,RAS,,,ml17_280a_01440110
ml17_280a_0144_part111.wav,111,555,9:15,0.1311,RAS,,,ml17_280a_01440111
ml17_280a_0144_part112.wav,112,560,9:20,0.1785,RAS,,,ml17_280a_01440112
ml17_280a_0144_part113.wav,113,565,9:25,0.0903,RAS,,,ml17_280a_01440113
ml17_280a_0144_part114.wav,114,570,9:30,0.1904,RAS,,,ml17_280a_01440114
ml17_280a_0144_part115.wav,115,575,9:35,0.252,ANOMALIE,,,ml17_280a_01440115
ml17_280a_0144_part116.wav,116,580,9:40,0.2941,ANOMALIE,,,ml17_280a_01440116
ml17_280a_0144_part117.wav,117,585,9:45,0.1177,RAS,,,ml17_280a_01440117
ml17_280a_0144_part118.wav,118,590,9:50,0.1146,RAS,,,ml17_280a_01440118
ml17_280a_0144_part119.wav,119,595,9:55,0.2256,RAS,,,ml17_280a_01440119
ml17_280a_0144_part120.wav,120,600,10:00,0.1258,RAS,,,ml17_280a_01440120
ml17_280a_0144_part121.wav,121,605,10:05,0.145,RAS,,,ml17_280a_01440121
ml17_280a_0144_part122.wav,122,610,10:10,0.1805,RAS,,,ml17_280a_01440122
ml17_280a_0144_part123.wav,123,615,10:15,0.2161,RAS,,,ml17_280a_01440123
ml17_280a_0144_part124.wav,124,620,10:20,0.239,RAS,,,ml17_280a_01440124
ml17_280a_0144_part125.wav,125,625,10:25,0.12,RAS,,,ml17_280a_01440125
ml17_280a_0144_part126.wav,126,630,10:30,0.1282,RAS,,,ml17_280a_01440126
ml17_280a_0144_part127.wav,127,635,10:35,0.1876,RAS,,,ml17_280a_01440127
ml17_280a_0144_part128.wav,128,640,10:40,0.1526,RAS,,,ml17_280a_01440128
ml17_280a_0144_part129.wav,129,645,10:45,0.179,RAS,,,ml17_280a_01440129
ml17_280a_0144_part130.wav,130,650,10:50,0.2511,ANOMALIE,,,ml17_280a_01440130
ml17_280a_0144_part131.wav,131,655,10:55,0.175,RAS,,,ml17_280a_01440131
ml17_280a_0144_part132.wav,132,660,11:00,0.2154,RAS,,,ml17_280a_01440132
ml17_280a_0144_part133.wav,133,665,11:05,0.2137,RAS,,,ml17_280a_01440133
ml17_280a_0144_part134.wav,134,670,11:10,0.2576,ANOMALIE,,,ml17_280a_01440134
ml17_280a_0144_part135.wav,135,675,11:15,0.3197,ANOMALIE,,,ml17_280a_01440135
ml17_280a_0144_part136.wav,136,680,11:20,0.1879,RAS,,,ml17_280a_01440136
ml17_280a_0144_part137.wav,137,685,11:25,0.2351,RAS,,,ml17_280a_01440137
ml17_280a_0144_part138.wav,138,690,11:30,0.1499,RAS,,,ml17_280a_01440138
ml17_280a_0144_part139.wav,139,695,11:35,0.1728,RAS,,,ml17_280a_01440139
ml17_280a_0144_part140.wav,140,700,11:40,0.1013,RAS,,,ml17_280a_01440140
ml17_280a_0144_part141.wav,141,705,11:45,0.109,RAS,,,ml17_280a_01440141
ml17_280a_0144_part142.wav,142,710,11:50,0.3588,ANOMALIE,,,ml17_280a_01440142
ml17_280a_0144_part143.wav,143,715,11:55,0.1475,RAS,,,ml17_280a_01440143
ml17_280a_0144_part144.wav,144,720,12:00,0.2799,ANOMALIE,,,ml17_280a_01440144
ml17_280a_0144_part145.wav,145,725,12:05,0.1936,RAS,,,ml17_280a_01440145
ml17_280a_0144_part146.wav,146,730,12:10,0.1363,RAS,,,ml17_280a_01440146
ml17_280a_0144_part147.wav,147,735,12:15,0.122,RAS,,,ml17_280a_01440147
ml17_280a_0144_part148.wav,148,740,12:20,0.2207,RAS,,,ml17_280a_01440148
ml17_280a_0144_part149.wav,149,745,12:25,0.1575,RAS,,,ml17_280a_01440149
ml17_280a_0144_part150.wav,150,750,12:30,0.3343,ANOMALIE,,,ml17_280a_01440150
ml17_280a_0144_part151.wav,151,755,12:35,0.208,RAS,,,ml17_280a_01440151
ml17_280a_0144_part152.wav,152,760,12:40,0.3683,ANOMALIE,,,ml17_280a_01440152
ml17_280a_0144_part153.wav,153,765,12:45,0.2356,RAS,,,ml17_280a_01440153
ml17_280a_0144_part154.wav,154,770,12:50,0.1602,RAS,,,ml17_280a_01440154
ml17_280a_0144_part155.wav,155,775,12:55,0.3622,ANOMALIE,,,ml17_280a_01440155
ml17_280a_0144_part156.wav,156,780,13:00,0.1803,RAS,,,ml17_280a_01440156
ml17_280a_0144_part157.wav,157,785,13:05,0.3712,ANOMALIE,,,ml17_280a_01440157
ml17_280a_0144_part158.wav,158,790,13:10,0.1252,RAS,,,ml17_280a_01440158
ml17_280a_0144_part159.wav,159,795,13:15,0.1785,RAS,,,ml17_280a_01440159
ml17_280a_0144_part160.wav,160,800,13:20,0.3241,ANOMALIE,,,ml17_280a_01440160
ml17_280a_0144_part161.wav,161,805,13:25,0.246,RAS,,,ml17_280a_01440161
ml17_280a_0144_part162.wav,162,810,13:30,0.4615,ANOMALIE,,,ml17_280a_01440162
ml17_280a_0144_part163.wav,163,815,13:35,0.1521,RAS,,,ml17_280a_01440163
ml18_294b_0013_part0.wav,0,0,0:00,0.2115,RAS,,,ml18_294b_00130000
ml18_294b_0013_part1.wav,1,5,0:05,0.2401,RAS,,,ml18_294b_00130001
ml18_294b_0013_part2.wav,2,10,0:10,0.2178,RAS,,,ml18_294b_00130002
ml18_294b_0013_part3.wav,3,15,0:15,0.2017,RAS,,,ml18_294b_00130003
ml18_294b_0013_part4.wav,4,20,0:20,0.2,RAS,,,ml18_294b_00130004
ml18_294b_0013_part5.wav,5,25,0:25,0.2272,RAS,,,ml18_294b_00130005
ml18_294b_0013_part6.wav,6,30,0:30,0.1211,RAS,,,ml18_294b_00130006
ml18_294b_0013_part7.wav,7,35,0:35,0.1313,RAS,,,ml18_294b_00130007
ml18_294b_0013_part8.wav,8,40,0:40,0.0961,RAS,,,ml18_294b_00130008
ml18_294b_0013_part9.wav,9,45,0:45,0.1268,RAS,,,ml18_294b_00130009
ml18_294b_0013_part10.wav,10,50,0:50,0.1356,RAS,,,ml18_294b_00130010
ml18_294b_0013_part11.wav,11,55,0:55,0.1857,RAS,,,ml18_294b_00130011
ml18_294b_0013_part12.wav,12,60,1:00,0.1566,RAS,,,ml18_294b_00130012
ml18_294b_0013_part13.wav,13,65,1:05,0.12,RAS,,,ml18_294b_00130013
ml18_294b_0013_part14.wav,14,70,1:10,0.1596,RAS,,,ml18_294b_00130014
ml18_294b_0013_part15.wav,15,75,1:15,0.1465,RAS,,,ml18_294b_00130015
ml18_294b_0013_part16.wav,16,80,1:20,0.1351,RAS,,,ml18_294b_00130016
ml18_294b_0013_part17.wav,17,85,1:25,0.1596,RAS,,,ml18_294b_00130017
ml18_294b_0013_part18.wav,18,90,1:30,0.1321,RAS,,,ml18_294b_00130018
ml18_294b_0013_part19.wav,19,95,1:35,0.1514,RAS,,,ml18_294b_00130019
ml18_294b_0013_part20.wav,20,100,1:40,0.1265,RAS,,,ml18_294b_00130020
ml18_294b_0013_part21.wav,21,105,1:45,0.1683,RAS,,,ml18_294b_00130021
ml18_294b_0013_part22.wav,22,110,1:50,0.1408,RAS,,,ml18_294b_00130022
ml18_294b_0013_part23.wav,23,115,1:55,0.1685,RAS,,,ml18_294b_00130023
ml18_294b_0013_part24.wav,24,120,2:00,0.1235,RAS,,,ml18_294b_00130024
ml18_294b_0013_part25.wav,25,125,2:05,0.1349,RAS,,,ml18_294b_00130025
ml18_294b_0013_part26.wav,26,130,2:10,0.1543,RAS,,,ml18_294b_00130026
ml18_294b_0013_part27.wav,27,135,2:15,0.1728,RAS,,,ml18_294b_00130027
ml18_294b_0013_part28.wav,28,140,2:20,0.2262,RAS,,,ml18_294b_00130028
ml18_294b_0013_part29.wav,29,145,2:25,0.1584,RAS,,,ml18_294b_00130029
ml18_294b_0013_part30.wav,30,150,2:30,0.1153,RAS,,,ml18_294b_00130030
ml18_294b_0013_part31.wav,31,155,2:35,0.169,RAS,,,ml18_294b_00130031
ml18_294b_0013_part32.wav,32,160,2:40,0.2057,RAS,,,ml18_294b_00130032
ml18_294b_0013_part33.wav,33,165,2:45,0.1164,RAS,,,ml18_294b_00130033
ml18_294b_0013_part34.wav,34,170,2:50,0.1343,RAS,,,ml18_294b_00130034
ml18_294b_0013_part35.wav,35,175,2:55,0.1358,RAS,,,ml18_294b_00130035
ml18_294b_0013_part36.wav,36,180,3:00,0.1836,RAS,,,ml18_294b_00130036
ml18_294b_0013_part37.wav,37,185,3:05,0.1674,RAS,,,ml18_294b_00130037
ml18_294b_0013_part38.wav,38,190,3:10,0.1932,RAS,,,ml18_294b_00130038
ml18_294b_0013_part39.wav,39,195,3:15,0.1464,RAS,,,ml18_294b_00130039
ml18_294b_0013_part40.wav,40,200,3:20,0.2353,RAS,,,ml18_294b_00130040
ml18_294b_0013_part41.wav,41,205,3:25,0.1248,RAS,,,ml18_294b_00130041
ml18_294b_0013_part42.wav,42,210,3:30,0.141,RAS,,,ml18_294b_00130042
ml18_294b_0013_part43.wav,43,215,3:35,0.1943,RAS,,,ml18_294b_00130043
ml18_294b_0013_part44.wav,44,220,3:40,0.2192,RAS,,,ml18_294b_00130044
ml18_294b_0013_part45.wav,45,225,3:45,0.1554,RAS,,,ml18_294b_00130045
ml18_294b_0013_part46.wav,46,230,3:50,0.1344,RAS,,,ml18_294b_00130046
ml18_294b_0013_part47.wav,47,235,3:55,0.1991,RAS,,,ml18_294b_00130047
ml18_294b_0013_part48.wav,48,240,4:00,0.1466,RAS,,,ml18_294b_00130048
ml18_294b_0013_part49.wav,49,245,4:05,0.1861,RAS,,,ml18_294b_00130049
ml18_294b_0013_part50.wav,50,250,4:10,0.1377,RAS,,,ml18_294b_00130050
ml18_294b_0013_part51.wav,51,255,4:15,0.2578,ANOMALIE,,,ml18_294b_00130051
ml18_294b_0013_part52.wav,52,260,4:20,0.1796,RAS,,,ml18_294b_00130052
ml18_294b_0013_part53.wav,53,265,4:25,0.1585,RAS,,,ml18_294b_00130053
ml18_294b_0013_part54.wav,54,270,4:30,0.2151,RAS,,,ml18_294b_00130054
ml18_294b_0013_part55.wav,55,275,4:35,0.1358,RAS,,,ml18_294b_00130055
ml18_294b_0013_part56.wav,56,280,4:40,0.1233,RAS,,,ml18_294b_00130056
ml18_294b_0013_part57.wav,57,285,4:45,0.1309,RAS,,,ml18_294b_00130057
ml18_294b_0013_part58.wav,58,290,4:50,0.14,RAS,,,ml18_294b_00130058
ml18_294b_0013_part59.wav,59,295,4:55,0.1461,RAS,,,ml18_294b_00130059
ml18_294b_0013_part60.wav,60,300,5:00,0.1144,RAS,,,ml18_294b_00130060
ml18_294b_0013_part61.wav,61,305,5:05,0.1633,RAS,,,ml18_294b_00130061
ml18_294b_0013_part62.wav,62,310,5:10,0.1377,RAS,,,ml18_294b_00130062
ml18_294b_0013_part63.wav,63,315,5:15,0.2073,RAS,,,ml18_294b_00130063
ml18_294b_0013_part64.wav,64,320,5:20,0.1301,RAS,,,ml18_294b_00130064
ml18_294b_0013_part65.wav,65,325,5:25,0.1772,RAS,,,ml18_294b_00130065
ml18_294b_0013_part66.wav,66,330,5:30,0.1585,RAS,,,ml18_294b_00130066
ml18_294b_0013_part67.wav,67,335,5:35,0.1354,RAS,,,ml18_294b_00130067
ml18_294b_0013_part68.wav,68,340,5:40,0.1701,RAS,,,ml18_294b_00130068
ml18_294b_0013_part69.wav,69,345,5:45,0.133,RAS,,,ml18_294b_00130069
ml18_294b_0013_part70.wav,70,350,5:50,0.1512,RAS,,,ml18_294b_00130070
ml18_294b_0013_part71.wav,71,355,5:55,0.1431,RAS,,,ml18_294b_00130071
ml18_294b_0013_part72.wav,72,360,6:00,0.1159,RAS,,,ml18_294b_00130072
ml18_294b_0013_part73.wav,73,365,6:05,0.2354,RAS,,,ml18_294b_00130073
ml18_294b_0013_part74.wav,74,370,6:10,0.141,RAS,,,ml18_294b_00130074
ml18_294b_0013_part75.wav,75,375,6:15,0.2017,RAS,,,ml18_294b_00130075
ml18_294b_0013_part76.wav,76,380,6:20,0.2462,RAS,,,ml18_294b_00130076
ml18_294b_0013_part77.wav,77,385,6:25,0.2141,RAS,,,ml18_294b_00130077
ml18_294b_0013_part78.wav,78,390,6:30,0.2403,RAS,,,ml18_294b_00130078
ml18_294b_0013_part79.wav,79,395,6:35,0.1083,RAS,,,ml18_294b_00130079
ml18_294b_0013_part80.wav,80,400,6:40,0.1844,RAS,,,ml18_294b_00130080
ml18_294b_0013_part81.wav,81,405,6:45,0.1925,RAS,,,ml18_294b_00130081
ml18_294b_0013_part82.wav,82,410,6:50,0.1923,RAS,,,ml18_294b_00130082
ml18_294b_0013_part83.wav,83,415,6:55,0.1142,RAS,,,ml18_294b_00130083
ml18_294b_0013_part84.wav,84,420,7:00,0.3548,ANOMALIE,,,ml18_294b_00130084
ml18_294b_0013_part85.wav,85,425,7:05,0.2201,RAS,,,ml18_294b_00130085
ml18_294b_0013_part86.wav,86,430,7:10,0.1423,RAS,,,ml18_294b_00130086
ml18_294b_0013_part87.wav,87,435,7:15,0.1217,RAS,,,ml18_294b_00130087
ml18_294b_0013_part88.wav,88,440,7:20,0.1074,RAS,,,ml18_294b_00130088
ml18_294b_0013_part89.wav,89,445,7:25,0.1659,RAS,,,ml18_294b_00130089
ml18_294b_0013_part90.wav,90,450,7:30,0.1475,RAS,,,ml18_294b_00130090
ml18_294b_0013_part91.wav,91,455,7:35,0.2355,RAS,,,ml18_294b_00130091
ml18_294b_0013_part92.wav,92,460,7:40,0.1964,RAS,,,ml18_294b_00130092
ml18_294b_0013_part93.wav,93,465,7:45,0.1617,RAS,,,ml18_294b_00130093
ml18_294b_0013_part94.wav,94,470,7:50,0.1042,RAS,,,ml18_294b_00130094
ml18_294b_0013_part95.wav,95,475,7:55,0.1301,RAS,,,ml18_294b_00130095
ml18_294b_0013_part96.wav,96,480,8:00,0.1654,RAS,,,ml18_294b_00130096
ml18_294b_0042_part0.wav,0,0,0:00,0.1687,RAS,,,ml18_294b_00420000
ml18_294b_0042_part1.wav,1,5,0:05,0.1233,RAS,,,ml18_294b_00420001
ml18_294b_0042_part2.wav,2,10,0:10,0.1425,RAS,,,ml18_294b_00420002
ml18_294b_0042_part3.wav,3,15,0:15,0.1198,RAS,,,ml18_294b_00420003
ml18_294b_0042_part4.wav,4,20,0:20,0.2202,RAS,,,ml18_294b_00420004
ml18_294b_0042_part5.wav,5,25,0:25,0.1251,RAS,,,ml18_294b_00420005
ml18_294b_0042_part6.wav,6,30,0:30,0.1282,RAS,,,ml18_294b_00420006
ml18_294b_0042_part7.wav,7,35,0:35,0.1275,RAS,,,ml18_294b_00420007
ml18_294b_0042_part8.wav,8,40,0:40,0.2725,ANOMALIE,,,ml18_294b_00420008
ml18_294b_0042_part9.wav,9,45,0:45,0.1311,RAS,,,ml18_294b_00420009
ml18_294b_0042_part10.wav,10,50,0:50,0.1529,RAS,,,ml18_294b_00420010
ml18_294b_0042_part11.wav,11,55,0:55,0.1191,RAS,,,ml18_294b_00420011
ml18_294b_0042_part12.wav,12,60,1:00,0.1134,RAS,,,ml18_294b_00420012
ml18_294b_0042_part13.wav,13,65,1:05,0.143,RAS,,,ml18_294b_00420013
ml18_294b_0042_part14.wav,14,70,1:10,0.1565,RAS,,,ml18_294b_00420014
ml18_294b_0042_part15.wav,15,75,1:15,0.1832,RAS,,,ml18_294b_00420015
ml18_294b_0042_part16.wav,16,80,1:20,0.1505,RAS,,,ml18_294b_00420016
ml18_294b_0042_part17.wav,17,85,1:25,0.1108,RAS,,,ml18_294b_00420017
ml18_294b_0042_part18.wav,18,90,1:30,0.1538,RAS,,,ml18_294b_00420018
ml18_294b_0042_part19.wav,19,95,1:35,0.1181,RAS,,,ml18_294b_00420019
ml18_294b_0042_part20.wav,20,100,1:40,0.127,RAS,,,ml18_294b_00420020
ml18_294b_0042_part21.wav,21,105,1:45,0.1684,RAS,,,ml18_294b_00420021
ml18_294b_0042_part22.wav,22,110,1:50,0.1018,RAS,,,ml18_294b_00420022
ml18_294b_0042_part23.wav,23,115,1:55,0.1072,RAS,,,ml18_294b_00420023
ml18_294b_0042_part24.wav,24,120,2:00,0.1481,RAS,,,ml18_294b_00420024
ml18_294b_0042_part25.wav,25,125,2:05,0.1203,RAS,,,ml18_294b_00420025
ml18_294b_0042_part26.wav,26,130,2:10,0.1633,RAS,,,ml18_294b_00420026
ml18_294b_0042_part27.wav,27,135,2:15,0.1524,RAS,,,ml18_294b_00420027
ml18_294b_0042_part28.wav,28,140,2:20,0.1483,RAS,,,ml18_294b_00420028
ml18_294b_0042_part29.wav,29,145,2:25,0.1318,RAS,,,ml18_294b_00420029
ml18_294b_0042_part30.wav,30,150,2:30,0.1269,RAS,,,ml18_294b_00420030
ml18_294b_0042_part31.wav,31,155,2:35,0.1204,RAS,,,ml18_294b_00420031
ml18_294b_0042_part32.wav,32,160,2:40,0.1237,RAS,,,ml18_294b_00420032
ml18_294b_0042_part33.wav,33,165,2:45,0.1102,RAS,,,ml18_294b_00420033
ml18_294b_0042_part34.wav,34,170,2:50,0.126,RAS,,,ml18_294b_00420034
ml18_294b_0042_part35.wav,35,175,2:55,0.1378,RAS,,,ml18_294b_00420035
ml18_294b_0042_part36.wav,36,180,3:00,0.2059,RAS,,,ml18_294b_00420036
ml18_294b_0042_part37.wav,37,185,3:05,0.0993,RAS,,,ml18_294b_00420037
ml18_294b_0042_part38.wav,38,190,3:10,0.1308,RAS,,,ml18_294b_00420038
ml18_294b_0042_part39.wav,39,195,3:15,0.1141,RAS,,,ml18_294b_00420039
ml18_294b_0042_part40.wav,40,200,3:20,0.1274,RAS,,,ml18_294b_00420040
ml18_294b_0042_part41.wav,41,205,3:25,0.1556,RAS,,,ml18_294b_00420041
ml18_294b_0042_part42.wav,42,210,3:30,0.1599,RAS,,,ml18_294b_00420042
ml18_294b_0042_part43.wav,43,215,3:35,0.1693,RAS,,,ml18_294b_00420043
ml18_294b_0042_part44.wav,44,220,3:40,0.1287,RAS,,,ml18_294b_00420044
ml18_294b_0042_part45.wav,45,225,3:45,0.1372,RAS,,,ml18_294b_00420045
ml18_294b_0042_part46.wav,46,230,3:50,0.1398,RAS,,,ml18_294b_00420046
ml18_294b_0042_part47.wav,47,235,3:55,0.1185,RAS,,,ml18_294b_00420047
ml18_294b_0042_part48.wav,48,240,4:00,0.1212,RAS,,,ml18_294b_00420048
ml18_294b_0042_part49.wav,49,245,4:05,0.1046,RAS,,,ml18_294b_00420049
ml18_294b_0042_part50.wav,50,250,4:10,0.1182,RAS,,,ml18_294b_00420050
ml18_294b_0042_part51.wav,51,255,4:15,0.161,RAS,,,ml18_294b_00420051
ml18_294b_0076_part0.wav,0,0,0:00,0.1529,RAS,,,ml18_294b_00760000
ml18_294b_0076_part1.wav,1,5,0:05,0.2285,RAS,,,ml18_294b_00760001
ml18_294b_0076_part2.wav,2,10,0:10,0.1086,RAS,,,ml18_294b_00760002
ml18_294b_0076_part3.wav,3,15,0:15,0.1509,RAS,,,ml18_294b_00760003
ml18_294b_0076_part4.wav,4,20,0:20,0.1605,RAS,,,ml18_294b_00760004
ml18_294b_0076_part5.wav,5,25,0:25,0.1348,RAS,,,ml18_294b_00760005
ml18_294b_0076_part6.wav,6,30,0:30,0.1481,RAS,,,ml18_294b_00760006
ml18_294b_0076_part7.wav,7,35,0:35,0.1351,RAS,,,ml18_294b_00760007
ml18_294b_0076_part8.wav,8,40,0:40,0.1285,RAS,,,ml18_294b_00760008
ml18_294b_0076_part9.wav,9,45,0:45,0.1453,RAS,,,ml18_294b_00760009
ml18_294b_0076_part10.wav,10,50,0:50,0.1224,RAS,,,ml18_294b_00760010
ml18_294b_0076_part11.wav,11,55,0:55,0.1592,RAS,,,ml18_294b_00760011
ml18_294b_0076_part12.wav,12,60,1:00,0.137,RAS,,,ml18_294b_00760012
ml18_294b_0076_part13.wav,13,65,1:05,0.1231,RAS,,,ml18_294b_00760013
ml18_294b_0076_part14.wav,14,70,1:10,0.1103,RAS,,,ml18_294b_00760014
ml18_294b_0076_part15.wav,15,75,1:15,0.1227,RAS,,,ml18_294b_00760015
ml18_294b_0076_part16.wav,16,80,1:20,0.1668,RAS,,,ml18_294b_00760016
ml18_294b_0076_part17.wav,17,85,1:25,0.2018,RAS,,,ml18_294b_00760017
ml18_294b_0076_part18.wav,18,90,1:30,0.1136,RAS,,,ml18_294b_00760018
ml18_294b_0076_part19.wav,19,95,1:35,0.1121,RAS,,,ml18_294b_00760019
ml18_294b_0076_part20.wav,20,100,1:40,0.219,RAS,,,ml18_294b_00760020
ml18_294b_0076_part21.wav,21,105,1:45,0.1413,RAS,,,ml18_294b_00760021
ml18_294b_0076_part22.wav,22,110,1:50,0.1421,RAS,,,ml18_294b_00760022
ml18_294b_0076_part23.wav,23,115,1:55,0.1939,RAS,,,ml18_294b_00760023
ml18_294b_0076_part24.wav,24,120,2:00,0.1262,RAS,,,ml18_294b_00760024
ml18_294b_0076_part25.wav,25,125,2:05,0.1714,RAS,,,ml18_294b_00760025
ml18_294b_0076_part26.wav,26,130,2:10,0.1285,RAS,,,ml18_294b_00760026
ml18_294b_0076_part27.wav,27,135,2:15,0.1319,RAS,,,ml18_294b_00760027
ml18_294b_0076_part28.wav,28,140,2:20,0.1717,RAS,,,ml18_294b_00760028
ml18_294b_0076_part29.wav,29,145,2:25,0.1196,RAS,,,ml18_294b_00760029
ml18_294b_0076_part30.wav,30,150,2:30,0.1106,RAS,,,ml18_294b_00760030
ml18_294b_0076_part31.wav,31,155,2:35,0.1253,RAS,,,ml18_294b_00760031
ml18_294b_0076_part32.wav,32,160,2:40,0.1705,RAS,,,ml18_294b_00760032
ml18_294b_0076_part33.wav,33,165,2:45,0.1189,RAS,,,ml18_294b_00760033
ml18_294b_0076_part34.wav,34,170,2:50,0.1541,RAS,,,ml18_294b_00760034
ml18_294b_0076_part35.wav,35,175,2:55,0.1169,RAS,,,ml18_294b_00760035
ml18_294b_0076_part36.wav,36,180,3:00,0.1521,RAS,,,ml18_294b_00760036
ml18_294b_0076_part37.wav,37,185,3:05,0.1186,RAS,,,ml18_294b_00760037
ml18_294b_0076_part38.wav,38,190,3:10,0.1139,RAS,,,ml18_294b_00760038
ml18_294b_0076_part39.wav,39,195,3:15,0.1357,RAS,,,ml18_294b_00760039
ml18_294b_0076_part40.wav,40,200,3:20,0.1397,RAS,,,ml18_294b_00760040
ml18_294b_0076_part41.wav,41,205,3:25,0.0916,RAS,,,ml18_294b_00760041
ml18_294b_0076_part42.wav,42,210,3:30,0.1305,RAS,,,ml18_294b_00760042
ml18_294b_0076_part43.wav,43,215,3:35,0.1622,RAS,,,ml18_294b_00760043
ml18_294b_0076_part44.wav,44,220,3:40,0.1257,RAS,,,ml18_294b_00760044
ml18_294b_0076_part45.wav,45,225,3:45,0.121,RAS,,,ml18_294b_00760045
ml18_294b_0076_part46.wav,46,230,3:50,0.1254,RAS,,,ml18_294b_00760046
ml18_294b_0076_part47.wav,47,235,3:55,0.1036,RAS,,,ml18_294b_00760047
ml18_294b_0076_part48.wav,48,240,4:00,0.1822,RAS,,,ml18_294b_00760048
ml18_294b_0076_part49.wav,49,245,4:05,0.131,RAS,,,ml18_294b_00760049
ml18_294b_0076_part50.wav,50,250,4:10,0.1312,RAS,,,ml18_294b_00760050
ml18_294b_0076_part51.wav,51,255,4:15,0.1357,RAS,,,ml18_294b_00760051
ml18_294b_0076_part52.wav,52,260,4:20,0.1138,RAS,,,ml18_294b_00760052
ml18_294b_0076_part53.wav,53,265,4:25,0.196,RAS,,,ml18_294b_00760053
ml18_294b_0076_part54.wav,54,270,4:30,0.1556,RAS,,,ml18_294b_00760054
ml18_294b_0076_part55.wav,55,275,4:35,0.1057,RAS,,,ml18_294b_00760055
ml18_294b_0076_part56.wav,56,280,4:40,0.1291,RAS,,,ml18_294b_00760056
ml18_294b_0076_part57.wav,57,285,4:45,0.1668,RAS,,,ml18_294b_00760057
ml18_294b_0076_part58.wav,58,290,4:50,0.1408,RAS,,,ml18_294b_00760058
ml18_294b_0076_part59.wav,59,295,4:55,0.1552,RAS,,,ml18_294b_00760059
ml18_294b_0076_part60.wav,60,300,5:00,0.1324,RAS,,,ml18_294b_00760060
ml18_294b_0076_part61.wav,61,305,5:05,0.1284,RAS,,,ml18_294b_00760061
ml18_294b_0076_part62.wav,62,310,5:10,0.1287,RAS,,,ml18_294b_00760062
ml18_294b_0076_part63.wav,63,315,5:15,0.167,RAS,,,ml18_294b_00760063
ml18_294b_0076_part64.wav,64,320,5:20,0.1679,RAS,,,ml18_294b_00760064
ml18_294b_0076_part65.wav,65,325,5:25,0.1173,RAS,,,ml18_294b_00760065
ml18_294b_0076_part66.wav,66,330,5:30,0.162,RAS,,,ml18_294b_00760066
ml18_294b_0076_part67.wav,67,335,5:35,0.1457,RAS,,,ml18_294b_00760067
ml18_294b_0076_part68.wav,68,340,5:40,0.123,RAS,,,ml18_294b_00760068
ml18_294b_0076_part69.wav,69,345,5:45,0.1928,RAS,,,ml18_294b_00760069
ml18_294b_0076_part70.wav,70,350,5:50,0.2035,RAS,,,ml18_294b_00760070
ml18_294b_0076_part71.wav,71,355,5:55,0.1197,RAS,,,ml18_294b_00760071
ml18_294b_0076_part72.wav,72,360,6:00,0.1114,RAS,,,ml18_294b_00760072
ml18_294b_0076_part73.wav,73,365,6:05,0.1614,RAS,,,ml18_294b_00760073
ml18_294b_0076_part74.wav,74,370,6:10,0.1418,RAS,,,ml18_294b_00760074
ml18_294b_0076_part75.wav,75,375,6:15,0.1109,RAS,,,ml18_294b_00760075
ml18_294b_0076_part76.wav,76,380,6:20,0.1205,RAS,,,ml18_294b_00760076
ml18_294b_0076_part77.wav,77,385,6:25,0.1377,RAS,,,ml18_294b_00760077
ml18_294b_0076_part78.wav,78,390,6:30,0.0962,RAS,,,ml18_294b_00760078
ml18_294b_0076_part79.wav,79,395,6:35,0.1203,RAS,,,ml18_294b_00760079
ml18_294b_0076_part80.wav,80,400,6:40,0.1536,RAS,,,ml18_294b_00760080
ml18_294b_0076_part81.wav,81,405,6:45,0.1501,RAS,,,ml18_294b_00760081
ml18_294b_0076_part82.wav,82,410,6:50,0.13,RAS,,,ml18_294b_00760082
ml18_294b_0076_part83.wav,83,415,6:55,0.1552,RAS,,,ml18_294b_00760083
ml18_294b_0076_part84.wav,84,420,7:00,0.3142,ANOMALIE,,,ml18_294b_00760084
ml18_294b_0076_part85.wav,85,425,7:05,0.1331,RAS,,,ml18_294b_00760085
ml18_296a_0007_part0.wav,0,0,0:00,0.1038,RAS,,,ml18_296a_00070000
ml18_296a_0007_part1.wav,1,5,0:05,0.1655,RAS,,,ml18_296a_00070001
ml18_296a_0007_part2.wav,2,10,0:10,0.2181,RAS,,,ml18_296a_00070002
ml18_296a_0007_part3.wav,3,15,0:15,0.162,RAS,,,ml18_296a_00070003
ml18_296a_0007_part4.wav,4,20,0:20,0.1945,RAS,,,ml18_296a_00070004
ml18_296a_0007_part5.wav,5,25,0:25,0.3745,ANOMALIE,,,ml18_296a_00070005
ml18_296a_0007_part6.wav,6,30,0:30,0.1536,RAS,,,ml18_296a_00070006
ml18_296a_0007_part7.wav,7,35,0:35,0.1726,RAS,,,ml18_296a_00070007
ml18_296a_0007_part8.wav,8,40,0:40,0.1164,RAS,,,ml18_296a_00070008
ml18_296a_0007_part9.wav,9,45,0:45,0.141,RAS,,,ml18_296a_00070009
ml18_296a_0007_part10.wav,10,50,0:50,0.1683,RAS,,,ml18_296a_00070010
ml18_296a_0007_part11.wav,11,55,0:55,0.2095,RAS,,,ml18_296a_00070011
ml18_296a_0007_part12.wav,12,60,1:00,0.1211,RAS,,,ml18_296a_00070012
ml18_296a_0007_part13.wav,13,65,1:05,0.1304,RAS,,,ml18_296a_00070013
ml18_296a_0007_part14.wav,14,70,1:10,0.1799,RAS,,,ml18_296a_00070014
ml18_296a_0007_part15.wav,15,75,1:15,0.1474,RAS,,,ml18_296a_00070015
ml18_296a_0007_part16.wav,16,80,1:20,0.1479,RAS,,,ml18_296a_00070016
ml18_296a_0007_part17.wav,17,85,1:25,0.1458,RAS,,,ml18_296a_00070017
ml18_296a_0007_part18.wav,18,90,1:30,0.1612,RAS,,,ml18_296a_00070018
ml18_296a_0007_part19.wav,19,95,1:35,0.1283,RAS,,,ml18_296a_00070019
ml18_296a_0007_part20.wav,20,100,1:40,0.1376,RAS,,,ml18_296a_00070020
ml18_296a_0007_part21.wav,21,105,1:45,0.13,RAS,,,ml18_296a_00070021
ml18_296a_0007_part22.wav,22,110,1:50,0.1905,RAS,,,ml18_296a_00070022
ml18_296a_0007_part23.wav,23,115,1:55,0.1026,RAS,,,ml18_296a_00070023
ml18_296a_0007_part24.wav,24,120,2:00,0.1682,RAS,,,ml18_296a_00070024
ml19_292a_0007_part0.wav,0,0,0:00,0.1004,RAS,,,ml19_292a_00070000
ml19_292a_0007_part1.wav,1,5,0:05,0.194,RAS,,,ml19_292a_00070001
ml19_292a_0007_part2.wav,2,10,0:10,0.2047,RAS,,,ml19_292a_00070002
ml19_292a_0007_part3.wav,3,15,0:15,0.1327,RAS,,,ml19_292a_00070003
ml19_292a_0007_part4.wav,4,20,0:20,0.1159,RAS,,,ml19_292a_00070004
ml19_292a_0007_part5.wav,5,25,0:25,0.1094,RAS,,,ml19_292a_00070005
ml19_292a_0007_part6.wav,6,30,0:30,0.1373,RAS,,,ml19_292a_00070006
ml19_292a_0007_part7.wav,7,35,0:35,0.2005,RAS,,,ml19_292a_00070007
ml19_292a_0007_part8.wav,8,40,0:40,0.1131,RAS,,,ml19_292a_00070008
ml19_292a_0007_part9.wav,9,45,0:45,0.1159,RAS,,,ml19_292a_00070009
ml19_292a_0007_part10.wav,10,50,0:50,0.137,RAS,,,ml19_292a_00070010
ml19_292a_0007_part11.wav,11,55,0:55,0.1218,RAS,,,ml19_292a_00070011
ml19_292a_0007_part12.wav,12,60,1:00,0.1491,RAS,,,ml19_292a_00070012
ml19_292a_0007_part13.wav,13,65,1:05,0.0821,RAS,,,ml19_292a_00070013
ml19_292a_0007_part14.wav,14,70,1:10,0.132,RAS,,,ml19_292a_00070014
ml19_292a_0007_part15.wav,15,75,1:15,0.1813,RAS,,,ml19_292a_00070015
ml19_292a_0007_part16.wav,16,80,1:20,0.1568,RAS,,,ml19_292a_00070016
ml19_292a_0007_part17.wav,17,85,1:25,0.153,RAS,,,ml19_292a_00070017
ml19_292a_0007_part18.wav,18,90,1:30,0.1271,RAS,,,ml19_292a_00070018
ml19_292a_0007_part19.wav,19,95,1:35,0.1639,RAS,,,ml19_292a_00070019
ml19_292a_0007_part20.wav,20,100,1:40,0.2,RAS,,,ml19_292a_00070020
ml19_292a_0007_part21.wav,21,105,1:45,0.234,RAS,,,ml19_292a_00070021
ml19_292a_0007_part22.wav,22,110,1:50,0.211,RAS,,,ml19_292a_00070022
ml19_292a_0007_part23.wav,23,115,1:55,0.1799,RAS,,,ml19_292a_00070023
ml19_292a_0007_part24.wav,24,120,2:00,0.1097,RAS,,,ml19_292a_00070024
ml19_292a_0007_part25.wav,25,125,2:05,0.1756,RAS,,,ml19_292a_00070025
ml19_292a_0007_part26.wav,26,130,2:10,0.1046,RAS,,,ml19_292a_00070026
ml19_292a_0007_part27.wav,27,135,2:15,0.1231,RAS,,,ml19_292a_00070027
ml19_292a_0007_part28.wav,28,140,2:20,0.1609,RAS,,,ml19_292a_00070028
ml19_292a_0007_part29.wav,29,145,2:25,0.1162,RAS,,,ml19_292a_00070029
ml19_292a_0007_part30.wav,30,150,2:30,0.1936,RAS,,,ml19_292a_00070030
ml19_292a_0007_part31.wav,31,155,2:35,0.0875,RAS,,,ml19_292a_00070031
ml19_292a_0007_part32.wav,32,160,2:40,0.1665,RAS,,,ml19_292a_00070032
ml19_292a_0007_part33.wav,33,165,2:45,0.1472,RAS,,,ml19_292a_00070033
ml19_292a_0007_part34.wav,34,170,2:50,0.1954,RAS,,,ml19_292a_00070034
ml19_292a_0007_part35.wav,35,175,2:55,0.146,RAS,,,ml19_292a_00070035
ml19_292a_0007_part36.wav,36,180,3:00,0.3043,ANOMALIE,,,ml19_292a_00070036
ml19_292a_0007_part37.wav,37,185,3:05,0.1776,RAS,,,ml19_292a_00070037
ml19_292a_0007_part38.wav,38,190,3:10,0.1987,RAS,,,ml19_292a_00070038
ml19_292a_0007_part39.wav,39,195,3:15,0.2862,ANOMALIE,,,ml19_292a_00070039
ml19_292a_0007_part40.wav,40,200,3:20,0.1093,RAS,,,ml19_292a_00070040
ml19_292a_0007_part41.wav,41,205,3:25,0.121,RAS,,,ml19_292a_00070041
ml19_292a_0030_part0.wav,0,0,0:00,0.1253,RAS,,,ml19_292a_00300000
ml19_292a_0030_part1.wav,1,5,0:05,0.1209,RAS,,,ml19_292a_00300001
ml19_292a_0030_part2.wav,2,10,0:10,0.156,RAS,,,ml19_292a_00300002
ml19_292a_0030_part3.wav,3,15,0:15,0.101,RAS,,,ml19_292a_00300003
ml19_292a_0030_part4.wav,4,20,0:20,0.2091,RAS,,,ml19_292a_00300004
ml19_292a_0030_part5.wav,5,25,0:25,0.1333,RAS,,,ml19_292a_00300005
ml19_292a_0030_part6.wav,6,30,0:30,0.1703,RAS,,,ml19_292a_00300006
ml19_292a_0030_part7.wav,7,35,0:35,0.1016,RAS,,,ml19_292a_00300007
ml19_292a_0030_part8.wav,8,40,0:40,0.0907,RAS,,,ml19_292a_00300008
ml19_292a_0030_part9.wav,9,45,0:45,0.1242,RAS,,,ml19_292a_00300009
ml19_292a_0030_part10.wav,10,50,0:50,0.0954,RAS,,,ml19_292a_00300010
ml19_292a_0030_part11.wav,11,55,0:55,0.1444,RAS,,,ml19_292a_00300011
ml19_292a_0030_part12.wav,12,60,1:00,0.1116,RAS,,,ml19_292a_00300012
ml19_292a_0030_part13.wav,13,65,1:05,0.1283,RAS,,,ml19_292a_00300013
ml19_292a_0030_part14.wav,14,70,1:10,0.1899,RAS,,,ml19_292a_00300014
ml19_292a_0030_part15.wav,15,75,1:15,0.0813,RAS,,,ml19_292a_00300015
ml19_292a_0030_part16.wav,16,80,1:20,0.1051,RAS,,,ml19_292a_00300016
ml19_292a_0030_part17.wav,17,85,1:25,0.1273,RAS,,,ml19_292a_00300017
ml19_292a_0030_part18.wav,18,90,1:30,0.1053,RAS,,,ml19_292a_00300018
ml19_292a_0030_part19.wav,19,95,1:35,0.0912,RAS,,,ml19_292a_00300019
ml19_292a_0030_part20.wav,20,100,1:40,0.1444,RAS,,,ml19_292a_00300020
ml19_292a_0030_part21.wav,21,105,1:45,0.1813,RAS,,,ml19_292a_00300021
ml19_292a_0030_part22.wav,22,110,1:50,0.151,RAS,,,ml19_292a_00300022
ml19_292a_0030_part23.wav,23,115,1:55,0.0729,RAS,,,ml19_292a_00300023
ml19_292a_0030_part24.wav,24,120,2:00,0.108,RAS,,,ml19_292a_00300024
ml19_292a_0030_part25.wav,25,125,2:05,0.1054,RAS,,,ml19_292a_00300025
ml19_292a_0030_part26.wav,26,130,2:10,0.1381,RAS,,,ml19_292a_00300026
ml19_292a_0030_part27.wav,27,135,2:15,0.1116,RAS,,,ml19_292a_00300027
ml19_292a_0030_part28.wav,28,140,2:20,0.1079,RAS,,,ml19_292a_00300028
ml19_292a_0030_part29.wav,29,145,2:25,0.0934,RAS,,,ml19_292a_00300029
ml19_292a_0030_part30.wav,30,150,2:30,0.1187,RAS,,,ml19_292a_00300030
ml19_292a_0030_part31.wav,31,155,2:35,0.1053,RAS,,,ml19_292a_00300031
ml19_292a_0030_part32.wav,32,160,2:40,0.1196,RAS,,,ml19_292a_00300032
ml19_292a_0030_part33.wav,33,165,2:45,0.1863,RAS,,,ml19_292a_00300033
ml19_292a_0030_part34.wav,34,170,2:50,0.1178,RAS,,,ml19_292a_00300034
ml19_292a_0030_part35.wav,35,175,2:55,0.1155,RAS,,,ml19_292a_00300035
ml19_292a_0030_part36.wav,36,180,3:00,0.1036,RAS,,,ml19_292a_00300036
ml19_292a_0030_part37.wav,37,185,3:05,0.2638,ANOMALIE,,,ml19_292a_00300037
ml19_292a_0030_part38.wav,38,190,3:10,0.0963,RAS,,,ml19_292a_00300038
ml19_292a_0030_part39.wav,39,195,3:15,0.1717,RAS,,,ml19_292a_00300039
ml19_292a_0030_part40.wav,40,200,3:20,0.1114,RAS,,,ml19_292a_00300040
ml19_292a_0030_part41.wav,41,205,3:25,0.1169,RAS,,,ml19_292a_00300041
ml19_292a_0030_part42.wav,42,210,3:30,0.0856,RAS,,,ml19_292a_00300042
ml19_292a_0030_part43.wav,43,215,3:35,0.1796,RAS,,,ml19_292a_00300043
ml19_292a_0030_part44.wav,44,220,3:40,0.1606,RAS,,,ml19_292a_00300044
ml19_292a_0030_part45.wav,45,225,3:45,0.1041,RAS,,,ml19_292a_00300045
ml19_292a_0030_part46.wav,46,230,3:50,0.3115,ANOMALIE,,,ml19_292a_00300046
ml19_292a_0030_part47.wav,47,235,3:55,0.1088,RAS,,,ml19_292a_00300047
ml19_292a_0030_part48.wav,48,240,4:00,0.101,RAS,,,ml19_292a_00300048
ml19_292a_0030_part49.wav,49,245,4:05,0.17,RAS,,,ml19_292a_00300049
ml19_292a_0030_part50.wav,50,250,4:10,0.1128,RAS,,,ml19_292a_00300050
ml19_292a_0030_part51.wav,51,255,4:15,0.1342,RAS,,,ml19_292a_00300051
ml19_292a_0030_part52.wav,52,260,4:20,0.2084,RAS,,,ml19_292a_00300052
ml19_292a_0030_part53.wav,53,265,4:25,0.0854,RAS,,,ml19_292a_00300053
ml19_292a_0030_part54.wav,54,270,4:30,0.1258,RAS,,,ml19_292a_00300054
ml19_292a_0030_part55.wav,55,275,4:35,0.1427,RAS,,,ml19_292a_00300055
ml19_292a_0030_part56.wav,56,280,4:40,0.0935,RAS,,,ml19_292a_00300056
ml19_292a_0030_part57.wav,57,285,4:45,0.1033,RAS,,,ml19_292a_00300057
ml19_292a_0030_part58.wav,58,290,4:50,0.1207,RAS,,,ml19_292a_00300058
ml19_292a_0030_part59.wav,59,295,4:55,0.1056,RAS,,,ml19_292a_00300059
ml19_292a_0030_part60.wav,60,300,5:00,0.124,RAS,,,ml19_292a_00300060
ml19_292a_0030_part61.wav,61,305,5:05,0.4573,ANOMALIE,,,ml19_292a_00300061
ml19_292a_0030_part62.wav,62,310,5:10,0.2026,RAS,,,ml19_292a_00300062
ml19_292a_0030_part63.wav,63,315,5:15,0.2325,RAS,,,ml19_292a_00300063
ml19_292a_0030_part64.wav,64,320,5:20,0.1216,RAS,,,ml19_292a_00300064
ml19_292a_0030_part65.wav,65,325,5:25,0.114,RAS,,,ml19_292a_00300065
ml19_292a_0030_part66.wav,66,330,5:30,0.0823,RAS,,,ml19_292a_00300066
ml19_292a_0030_part67.wav,67,335,5:35,0.1489,RAS,,,ml19_292a_00300067
ml19_292a_0030_part68.wav,68,340,5:40,0.3308,ANOMALIE,,,ml19_292a_00300068
ml19_292a_0030_part69.wav,69,345,5:45,0.1916,RAS,,,ml19_292a_00300069
ml19_292a_0030_part70.wav,70,350,5:50,0.1487,RAS,,,ml19_292a_00300070
ml19_292a_0030_part71.wav,71,355,5:55,0.1446,RAS,,,ml19_292a_00300071
ml19_292a_0030_part72.wav,72,360,6:00,0.2294,RAS,,,ml19_292a_00300072
ml19_292a_0030_part73.wav,73,365,6:05,0.4328,ANOMALIE,,,ml19_292a_00300073
ml19_292a_0030_part74.wav,74,370,6:10,0.1202,RAS,,,ml19_292a_00300074
ml19_292a_0030_part75.wav,75,375,6:15,0.2794,ANOMALIE,,,ml19_292a_00300075
ml19_292a_0030_part76.wav,76,380,6:20,0.2139,RAS,,,ml19_292a_00300076
ml19_292a_0030_part77.wav,77,385,6:25,0.128,RAS,,,ml19_292a_00300077
ml19_292a_0030_part78.wav,78,390,6:30,0.2713,ANOMALIE,,,ml19_292a_00300078
ml19_292a_0030_part79.wav,79,395,6:35,0.0983,RAS,,,ml19_292a_00300079
ml19_292a_0030_part80.wav,80,400,6:40,0.1171,RAS,,,ml19_292a_00300080
ml19_292a_0030_part81.wav,81,405,6:45,0.1578,RAS,,,ml19_292a_00300081
ml19_292a_0030_part82.wav,82,410,6:50,0.2659,ANOMALIE,,,ml19_292a_00300082
ml19_292a_0030_part83.wav,83,415,6:55,0.1506,RAS,,,ml19_292a_00300083
ml19_292a_0030_part84.wav,84,420,7:00,0.1259,RAS,,,ml19_292a_00300084
ml19_292a_0030_part85.wav,85,425,7:05,0.1587,RAS,,,ml19_292a_00300085
ml19_292a_0030_part86.wav,86,430,7:10,0.1445,RAS,,,ml19_292a_00300086
ml19_292a_0030_part87.wav,87,435,7:15,0.1522,RAS,,,ml19_292a_00300087
ml19_292a_0030_part88.wav,88,440,7:20,0.1085,RAS,,,ml19_292a_00300088
ml19_292a_0030_part89.wav,89,445,7:25,0.1039,RAS,,,ml19_292a_00300089
ml19_292a_0030_part90.wav,90,450,7:30,0.1578,RAS,,,ml19_292a_00300090
ml19_292a_0030_part91.wav,91,455,7:35,0.1861,RAS,,,ml19_292a_00300091
ml19_292a_0030_part92.wav,92,460,7:40,0.1367,RAS,,,ml19_292a_00300092
ml19_292b_0026_part0.wav,0,0,0:00,0.1387,RAS,,,ml19_292b_00260000
ml19_292b_0026_part1.wav,1,5,0:05,0.1464,RAS,,,ml19_292b_00260001
ml19_292b_0026_part2.wav,2,10,0:10,0.1587,RAS,,,ml19_292b_00260002
ml19_292b_0026_part3.wav,3,15,0:15,0.1218,RAS,,,ml19_292b_00260003
ml19_292b_0026_part4.wav,4,20,0:20,0.1983,RAS,,,ml19_292b_00260004
ml19_292b_0026_part5.wav,5,25,0:25,0.1373,RAS,,,ml19_292b_00260005
ml19_292b_0026_part6.wav,6,30,0:30,0.1131,RAS,,,ml19_292b_00260006
ml19_292b_0026_part7.wav,7,35,0:35,0.1317,RAS,,,ml19_292b_00260007
ml19_292b_0026_part8.wav,8,40,0:40,0.1695,RAS,,,ml19_292b_00260008
ml19_292b_0026_part9.wav,9,45,0:45,0.2079,RAS,,,ml19_292b_00260009
ml19_292b_0026_part10.wav,10,50,0:50,0.142,RAS,,,ml19_292b_00260010
ml19_292b_0026_part11.wav,11,55,0:55,0.2011,RAS,,,ml19_292b_00260011
ml19_292b_0026_part12.wav,12,60,1:00,0.1896,RAS,,,ml19_292b_00260012
ml19_292b_0026_part13.wav,13,65,1:05,0.1892,RAS,,,ml19_292b_00260013
ml19_292b_0026_part14.wav,14,70,1:10,0.1342,RAS,,,ml19_292b_00260014
ml19_292b_0026_part15.wav,15,75,1:15,0.1172,RAS,,,ml19_292b_00260015
ml19_292b_0026_part16.wav,16,80,1:20,0.123,RAS,,,ml19_292b_00260016
ml19_292b_0026_part17.wav,17,85,1:25,0.1161,RAS,,,ml19_292b_00260017
ml19_292b_0026_part18.wav,18,90,1:30,0.2003,RAS,,,ml19_292b_00260018
ml19_292b_0026_part19.wav,19,95,1:35,0.1601,RAS,,,ml19_292b_00260019
ml19_292b_0026_part20.wav,20,100,1:40,0.1342,RAS,,,ml19_292b_00260020
ml19_292b_0026_part21.wav,21,105,1:45,0.0978,RAS,,,ml19_292b_00260021
ml19_292b_0026_part22.wav,22,110,1:50,0.1187,RAS,,,ml19_292b_00260022
ml19_292b_0026_part23.wav,23,115,1:55,0.1228,RAS,,,ml19_292b_00260023
ml19_292b_0026_part24.wav,24,120,2:00,0.1209,RAS,,,ml19_292b_00260024
ml19_292b_0026_part25.wav,25,125,2:05,0.1157,RAS,,,ml19_292b_00260025
ml19_292b_0026_part26.wav,26,130,2:10,0.1235,RAS,,,ml19_292b_00260026
ml19_292b_0026_part27.wav,27,135,2:15,0.1091,RAS,,,ml19_292b_00260027
ml19_292b_0026_part28.wav,28,140,2:20,0.1072,RAS,,,ml19_292b_00260028
ml19_292b_0026_part29.wav,29,145,2:25,0.1792,RAS,,,ml19_292b_00260029
ml19_292b_0026_part30.wav,30,150,2:30,0.2235,RAS,,,ml19_292b_00260030
ml19_292b_0026_part31.wav,31,155,2:35,0.141,RAS,,,ml19_292b_00260031
ml19_292b_0026_part32.wav,32,160,2:40,0.1818,RAS,,,ml19_292b_00260032
ml19_292b_0026_part33.wav,33,165,2:45,0.1212,RAS,,,ml19_292b_00260033
ml19_292b_0026_part34.wav,34,170,2:50,0.1048,RAS,,,ml19_292b_00260034
ml19_292b_0026_part35.wav,35,175,2:55,0.1466,RAS,,,ml19_292b_00260035
ml19_292b_0026_part36.wav,36,180,3:00,0.1424,RAS,,,ml19_292b_00260036
ml19_292b_0026_part37.wav,37,185,3:05,0.1923,RAS,,,ml19_292b_00260037
ml19_292b_0026_part38.wav,38,190,3:10,0.1123,RAS,,,ml19_292b_00260038
ml19_292b_0026_part39.wav,39,195,3:15,0.1444,RAS,,,ml19_292b_00260039
ml19_292b_0026_part40.wav,40,200,3:20,0.1496,RAS,,,ml19_292b_00260040
ml19_292b_0026_part41.wav,41,205,3:25,0.1841,RAS,,,ml19_292b_00260041
ml19_292b_0026_part42.wav,42,210,3:30,0.2296,RAS,,,ml19_292b_00260042
ml19_292b_0026_part43.wav,43,215,3:35,0.1778,RAS,,,ml19_292b_00260043
ml19_292b_0026_part44.wav,44,220,3:40,0.1439,RAS,,,ml19_292b_00260044
ml19_292b_0026_part45.wav,45,225,3:45,0.2111,RAS,,,ml19_292b_00260045
ml19_292b_0026_part46.wav,46,230,3:50,0.3423,ANOMALIE,,,ml19_292b_00260046
ml19_292b_0026_part47.wav,47,235,3:55,0.167,RAS,,,ml19_292b_00260047
ml19_292b_0026_part48.wav,48,240,4:00,0.1637,RAS,,,ml19_292b_00260048
ml19_292b_0026_part49.wav,49,245,4:05,0.1249,RAS,,,ml19_292b_00260049
ml19_292b_0026_part50.wav,50,250,4:10,0.2774,ANOMALIE,,,ml19_292b_00260050
ml19_292b_0026_part51.wav,51,255,4:15,0.208,RAS,,,ml19_292b_00260051
ml19_292b_0026_part52.wav,52,260,4:20,0.2015,RAS,,,ml19_292b_00260052
ml19_292b_0026_part53.wav,53,265,4:25,0.1693,RAS,,,ml19_292b_00260053
ml19_292b_0026_part54.wav,54,270,4:30,0.1773,RAS,,,ml19_292b_00260054
ml19_292b_0026_part55.wav,55,275,4:35,0.2457,RAS,,,ml19_292b_00260055
ml19_292b_0026_part56.wav,56,280,4:40,0.2934,ANOMALIE,,,ml19_292b_00260056
ml19_292b_0026_part57.wav,57,285,4:45,0.1681,RAS,,,ml19_292b_00260057
ml19_292b_0026_part58.wav,58,290,4:50,0.3878,ANOMALIE,,,ml19_292b_00260058
ml19_292b_0026_part59.wav,59,295,4:55,0.2919,ANOMALIE,,,ml19_292b_00260059
ml19_292b_0026_part60.wav,60,300,5:00,0.1485,RAS,,,ml19_292b_00260060
ml19_292b_0026_part61.wav,61,305,5:05,0.1742,RAS,,,ml19_292b_00260061
ml19_292b_0026_part62.wav,62,310,5:10,0.2068,RAS,,,ml19_292b_00260062
ml19_292b_0026_part63.wav,63,315,5:15,0.2516,ANOMALIE,,,ml19_292b_00260063
ml19_292b_0026_part64.wav,64,320,5:20,0.3465,ANOMALIE,,,ml19_292b_00260064
ml19_292b_0026_part65.wav,65,325,5:25,0.2278,RAS,,,ml19_292b_00260065
ml19_292b_0026_part66.wav,66,330,5:30,0.2011,RAS,,,ml19_292b_00260066
ml19_292b_0026_part67.wav,67,335,5:35,0.2071,RAS,,,ml19_292b_00260067
ml19_292b_0026_part68.wav,68,340,5:40,0.19,RAS,,,ml19_292b_00260068
ml19_292b_0026_part69.wav,69,345,5:45,0.1907,RAS,,,ml19_292b_00260069
ml19_292b_0026_part70.wav,70,350,5:50,0.1876,RAS,,,ml19_292b_00260070
ml19_292b_0026_part71.wav,71,355,5:55,0.1742,RAS,,,ml19_292b_00260071
ml19_292b_0026_part72.wav,72,360,6:00,0.1815,RAS,,,ml19_292b_00260072
ml19_292b_0026_part73.wav,73,365,6:05,0.1962,RAS,,,ml19_292b_00260073
ml19_292b_0026_part74.wav,74,370,6:10,0.1952,RAS,,,ml19_292b_00260074
ml19_292b_0026_part75.wav,75,375,6:15,0.3024,ANOMALIE,,,ml19_292b_00260075
ml19_292b_0026_part76.wav,76,380,6:20,0.1715,RAS,,,ml19_292b_00260076
ml19_292b_0026_part77.wav,77,385,6:25,0.2021,RAS,,,ml19_292b_00260077
ml19_292b_0026_part78.wav,78,390,6:30,0.1223,RAS,,,ml19_292b_00260078
ml19_292b_0026_part79.wav,79,395,6:35,0.2139,RAS,,,ml19_292b_00260079
ml19_292b_0026_part80.wav,80,400,6:40,0.2056,RAS,,,ml19_292b_00260080
ml19_292b_0026_part81.wav,81,405,6:45,0.1817,RAS,,,ml19_292b_00260081
ml19_292b_0026_part82.wav,82,410,6:50,0.1115,RAS,,,ml19_292b_00260082
ml19_292b_0026_part83.wav,83,415,6:55,0.1462,RAS,,,ml19_292b_00260083
ml19_292b_0026_part84.wav,84,420,7:00,0.1291,RAS,,,ml19_292b_00260084
ml19_292b_0026_part85.wav,85,425,7:05,0.1465,RAS,,,ml19_292b_00260085
ml19_292b_0026_part86.wav,86,430,7:10,0.1288,RAS,,,ml19_292b_00260086
ml19_292b_0026_part87.wav,87,435,7:15,0.2095,RAS,,,ml19_292b_00260087
ml19_292b_0026_part88.wav,88,440,7:20,0.152,RAS,,,ml19_292b_00260088
ml19_292b_0026_part89.wav,89,445,7:25,0.3087,ANOMALIE,,,ml19_292b_00260089
ml19_292b_0026_part90.wav,90,450,7:30,0.4049,ANOMALIE,,,ml19_292b_00260090
ml19_292b_0026_part91.wav,91,455,7:35,0.3068,ANOMALIE,,,ml19_292b_00260091
ml19_292b_0026_part92.wav,92,460,7:40,0.1355,RAS,,,ml19_292b_00260092
ml19_292b_0026_part93.wav,93,465,7:45,0.2038,RAS,,,ml19_292b_00260093
ml19_292b_0026_part94.wav,94,470,7:50,0.1743,RAS,,,ml19_292b_00260094
ml19_292b_0026_part95.wav,95,475,7:55,0.2108,RAS,,,ml19_292b_00260095
ml19_292b_0026_part96.wav,96,480,8:00,0.1569,RAS,,,ml19_292b_00260096
ml19_292b_0026_part97.wav,97,485,8:05,0.1748,RAS,,,ml19_292b_00260097
ml19_292b_0026_part98.wav,98,490,8:10,0.2017,RAS,,,ml19_292b_00260098
ml19_292b_0026_part99.wav,99,495,8:15,0.1739,RAS,,,ml19_292b_00260099
ml19_292b_0026_part100.wav,100,500,8:20,0.2465,RAS,,,ml19_292b_00260100
ml19_292b_0026_part101.wav,101,505,8:25,0.1631,RAS,,,ml19_292b_00260101
ml19_292b_0026_part102.wav,102,510,8:30,0.2066,RAS,,,ml19_292b_00260102
ml19_292b_0026_part103.wav,103,515,8:35,0.3094,ANOMALIE,,,ml19_292b_00260103
ml19_292b_0026_part104.wav,104,520,8:40,0.1805,RAS,,,ml19_292b_00260104
ml19_292b_0026_part105.wav,105,525,8:45,0.1683,RAS,,,ml19_292b_00260105
ml19_292b_0026_part106.wav,106,530,8:50,0.1656,RAS,,,ml19_292b_00260106
ml19_292b_0026_part107.wav,107,535,8:55,0.2282,RAS,,,ml19_292b_00260107
ml19_292b_0026_part108.wav,108,540,9:00,0.2469,RAS,,,ml19_292b_00260108
ml19_292b_0026_part109.wav,109,545,9:05,0.1731,RAS,,,ml19_292b_00260109
ml19_292b_0026_part110.wav,110,550,9:10,0.1447,RAS,,,ml19_292b_00260110
ml19_292b_0026_part111.wav,111,555,9:15,0.1874,RAS,,,ml19_292b_00260111
ml19_292b_0026_part112.wav,112,560,9:20,0.2521,ANOMALIE,,,ml19_292b_00260112
ml19_292b_0026_part113.wav,113,565,9:25,0.2964,ANOMALIE,,,ml19_292b_00260113
ml19_292b_0026_part114.wav,114,570,9:30,0.2617,ANOMALIE,,,ml19_292b_00260114
ml19_292b_0026_part115.wav,115,575,9:35,0.1309,RAS,,,ml19_292b_00260115
ml19_292b_0026_part116.wav,116,580,9:40,0.1963,RAS,,,ml19_292b_00260116
ml19_292b_0026_part117.wav,117,585,9:45,0.2511,ANOMALIE,,,ml19_292b_00260117
ml19_292b_0026_part118.wav,118,590,9:50,0.1839,RAS,,,ml19_292b_00260118
ml19_292b_0026_part119.wav,119,595,9:55,0.3251,ANOMALIE,,,ml19_292b_00260119
ml19_292b_0026_part120.wav,120,600,10:00,0.211,RAS,,,ml19_292b_00260120
ml19_292b_0026_part121.wav,121,605,10:05,0.2584,ANOMALIE,,,ml19_292b_00260121
ml19_292b_0026_part122.wav,122,610,10:10,0.1755,RAS,,,ml19_292b_00260122
ml19_292b_0026_part123.wav,123,615,10:15,0.2408,RAS,,,ml19_292b_00260123
ml19_292b_0026_part124.wav,124,620,10:20,0.1913,RAS,,,ml19_292b_00260124
ml19_292b_0026_part125.wav,125,625,10:25,0.204,RAS,,,ml19_292b_00260125
ml19_292b_0026_part126.wav,126,630,10:30,0.3119,ANOMALIE,,,ml19_292b_00260126
ml19_292b_0026_part127.wav,127,635,10:35,0.3092,ANOMALIE,,,ml19_292b_00260127
ml19_292b_0026_part128.wav,128,640,10:40,0.2192,RAS,,,ml19_292b_00260128
ml19_292b_0026_part129.wav,129,645,10:45,0.3,ANOMALIE,,,ml19_292b_00260129
ml19_292b_0026_part130.wav,130,650,10:50,0.2854,ANOMALIE,,,ml19_292b_00260130
ml19_292b_0026_part131.wav,131,655,10:55,0.2575,ANOMALIE,,,ml19_292b_00260131
ml19_292b_0026_part132.wav,132,660,11:00,0.2798,ANOMALIE,,,ml19_292b_00260132
ml19_292b_0026_part133.wav,133,665,11:05,0.2273,RAS,,,ml19_292b_00260133
ml19_292b_0026_part134.wav,134,670,11:10,0.2239,RAS,,,ml19_292b_00260134
ml19_292b_0026_part135.wav,135,675,11:15,0.2104,RAS,,,ml19_292b_00260135
ml19_292b_0026_part136.wav,136,680,11:20,0.2049,RAS,,,ml19_292b_00260136
ml19_292b_0026_part137.wav,137,685,11:25,0.2299,RAS,,,ml19_292b_00260137
ml19_292b_0026_part138.wav,138,690,11:30,0.3275,ANOMALIE,,,ml19_292b_00260138
ml19_292b_0026_part139.wav,139,695,11:35,0.3645,ANOMALIE,,,ml19_292b_00260139
ml19_292b_0026_part140.wav,140,700,11:40,0.2973,ANOMALIE,,,ml19_292b_00260140
ml19_292b_0026_part141.wav,141,705,11:45,0.2828,ANOMALIE,,,ml19_292b_00260141
ml19_292b_0026_part142.wav,142,710,11:50,0.2257,RAS,,,ml19_292b_00260142
ml19_292b_0026_part143.wav,143,715,11:55,0.1957,RAS,,,ml19_292b_00260143
ml19_292b_0026_part144.wav,144,720,12:00,0.2162,RAS,,,ml19_292b_00260144
ml19_293a_0015_part0.wav,0,0,0:00,0.1162,RAS,,,ml19_293a_00150000
ml19_293a_0015_part1.wav,1,5,0:05,0.1566,RAS,,,ml19_293a_00150001
ml19_293a_0015_part2.wav,2,10,0:10,0.1284,RAS,,,ml19_293a_00150002
ml19_293a_0015_part3.wav,3,15,0:15,0.1777,RAS,,,ml19_293a_00150003
ml19_293a_0015_part4.wav,4,20,0:20,0.0859,RAS,,,ml19_293a_00150004
ml19_293a_0015_part5.wav,5,25,0:25,0.1673,RAS,,,ml19_293a_00150005
ml19_293a_0015_part6.wav,6,30,0:30,0.1335,RAS,,,ml19_293a_00150006
ml19_293a_0015_part7.wav,7,35,0:35,0.1155,RAS,,,ml19_293a_00150007
ml19_293a_0015_part8.wav,8,40,0:40,0.1621,RAS,,,ml19_293a_00150008
ml19_293a_0015_part9.wav,9,45,0:45,0.1,RAS,,,ml19_293a_00150009
ml19_293a_0015_part10.wav,10,50,0:50,0.1142,RAS,,,ml19_293a_00150010
ml19_293a_0015_part11.wav,11,55,0:55,0.0874,RAS,,,ml19_293a_00150011
ml19_293a_0015_part12.wav,12,60,1:00,0.0993,RAS,,,ml19_293a_00150012
ml19_293a_0015_part13.wav,13,65,1:05,0.1109,RAS,,,ml19_293a_00150013
ml19_293a_0015_part14.wav,14,70,1:10,0.1137,RAS,,,ml19_293a_00150014
ml19_293a_0015_part15.wav,15,75,1:15,0.0849,RAS,,,ml19_293a_00150015
ml19_293a_0015_part16.wav,16,80,1:20,0.1094,RAS,,,ml19_293a_00150016
ml19_293a_0015_part17.wav,17,85,1:25,0.153,RAS,,,ml19_293a_00150017
ml19_293a_0015_part18.wav,18,90,1:30,0.1787,RAS,,,ml19_293a_00150018
ml19_293a_0015_part19.wav,19,95,1:35,0.0944,RAS,,,ml19_293a_00150019
ml19_293a_0015_part20.wav,20,100,1:40,0.1183,RAS,,,ml19_293a_00150020
ml19_293a_0015_part21.wav,21,105,1:45,0.1243,RAS,,,ml19_293a_00150021
ml19_293a_0015_part22.wav,22,110,1:50,0.0996,RAS,,,ml19_293a_00150022
ml19_293a_0015_part23.wav,23,115,1:55,0.1004,RAS,,,ml19_293a_00150023
ml19_293a_0015_part24.wav,24,120,2:00,0.0911,RAS,,,ml19_293a_00150024
ml19_293a_0015_part25.wav,25,125,2:05,0.0784,RAS,,,ml19_293a_00150025
ml19_293a_0015_part26.wav,26,130,2:10,0.0901,RAS,,,ml19_293a_00150026
ml19_293a_0015_part27.wav,27,135,2:15,0.0909,RAS,,,ml19_293a_00150027
ml19_293a_0015_part28.wav,28,140,2:20,0.1346,RAS,,,ml19_293a_00150028
ml19_293a_0015_part29.wav,29,145,2:25,0.0992,RAS,,,ml19_293a_00150029
ml19_293a_0015_part30.wav,30,150,2:30,0.0878,RAS,,,ml19_293a_00150030
ml19_293a_0015_part31.wav,31,155,2:35,0.2355,RAS,,,ml19_293a_00150031
ml19_293a_0015_part32.wav,32,160,2:40,0.1346,RAS,,,ml19_293a_00150032
ml19_293a_0015_part33.wav,33,165,2:45,0.2044,RAS,,,ml19_293a_00150033
ml19_293a_0015_part34.wav,34,170,2:50,0.3378,ANOMALIE,,,ml19_293a_00150034
ml19_293a_0015_part35.wav,35,175,2:55,0.1757,RAS,,,ml19_293a_00150035
ml19_293a_0015_part36.wav,36,180,3:00,0.1607,RAS,,,ml19_293a_00150036
ml19_293a_0015_part37.wav,37,185,3:05,0.1263,RAS,,,ml19_293a_00150037
ml19_293a_0015_part38.wav,38,190,3:10,0.0723,RAS,,,ml19_293a_00150038
ml19_293a_0015_part39.wav,39,195,3:15,0.131,RAS,,,ml19_293a_00150039
ml19_293a_0015_part40.wav,40,200,3:20,0.1,RAS,,,ml19_293a_00150040
ml19_293a_0015_part41.wav,41,205,3:25,0.0983,RAS,,,ml19_293a_00150041
ml19_293a_0015_part42.wav,42,210,3:30,0.1254,RAS,,,ml19_293a_00150042
ml19_293a_0015_part43.wav,43,215,3:35,0.1214,RAS,,,ml19_293a_00150043
ml19_293a_0015_part44.wav,44,220,3:40,0.1245,RAS,,,ml19_293a_00150044
ml19_293a_0015_part45.wav,45,225,3:45,0.1004,RAS,,,ml19_293a_00150045
ml19_293a_0015_part46.wav,46,230,3:50,0.1193,RAS,,,ml19_293a_00150046
ml19_293a_0015_part47.wav,47,235,3:55,0.1699,RAS,,,ml19_293a_00150047
ml19_293a_0015_part48.wav,48,240,4:00,0.1962,RAS,,,ml19_293a_00150048
ml19_293a_0015_part49.wav,49,245,4:05,0.1354,RAS,,,ml19_293a_00150049
ml19_293a_0015_part50.wav,50,250,4:10,0.0986,RAS,,,ml19_293a_00150050
ml19_293a_0015_part51.wav,51,255,4:15,0.1065,RAS,,,ml19_293a_00150051
ml19_293a_0015_part52.wav,52,260,4:20,0.0939,RAS,,,ml19_293a_00150052
ml19_293a_0015_part53.wav,53,265,4:25,0.1299,RAS,,,ml19_293a_00150053
ml19_293a_0015_part54.wav,54,270,4:30,0.1192,RAS,,,ml19_293a_00150054
ml19_293a_0015_part55.wav,55,275,4:35,0.1006,RAS,,,ml19_293a_00150055
ml19_293a_0015_part56.wav,56,280,4:40,0.1003,RAS,,,ml19_293a_00150056
ml19_293a_0015_part57.wav,57,285,4:45,0.122,RAS,,,ml19_293a_00150057
ml19_293a_0015_part58.wav,58,290,4:50,0.1438,RAS,,,ml19_293a_00150058
ml19_293a_0015_part59.wav,59,295,4:55,0.1065,RAS,,,ml19_293a_00150059
ml19_293a_0015_part60.wav,60,300,5:00,0.1028,RAS,,,ml19_293a_00150060
ml19_293a_0015_part61.wav,61,305,5:05,0.1398,RAS,,,ml19_293a_00150061
ml19_293a_0015_part62.wav,62,310,5:10,0.1402,RAS,,,ml19_293a_00150062
ml19_293a_0015_part63.wav,63,315,5:15,0.12,RAS,,,ml19_293a_00150063
ml19_293a_0015_part64.wav,64,320,5:20,0.1727,RAS,,,ml19_293a_00150064
ml19_293a_0015_part65.wav,65,325,5:25,0.1198,RAS,,,ml19_293a_00150065
ml19_293a_0015_part66.wav,66,330,5:30,0.1067,RAS,,,ml19_293a_00150066
ml19_293a_0015_part67.wav,67,335,5:35,0.2061,RAS,,,ml19_293a_00150067
ml19_293a_0015_part68.wav,68,340,5:40,0.1011,RAS,,,ml19_293a_00150068
ml19_293a_0015_part69.wav,69,345,5:45,0.1077,RAS,,,ml19_293a_00150069
ml19_293a_0015_part70.wav,70,350,5:50,0.2049,RAS,,,ml19_293a_00150070
ml19_293a_0015_part71.wav,71,355,5:55,0.1178,RAS,,,ml19_293a_00150071
ml19_293a_0015_part72.wav,72,360,6:00,0.1307,RAS,,,ml19_293a_00150072
ml19_293a_0015_part73.wav,73,365,6:05,0.1022,RAS,,,ml19_293a_00150073
ml19_293a_0015_part74.wav,74,370,6:10,0.1031,RAS,,,ml19_293a_00150074
ml19_293a_0015_part75.wav,75,375,6:15,0.1425,RAS,,,ml19_293a_00150075
ml19_293a_0015_part76.wav,76,380,6:20,0.1322,RAS,,,ml19_293a_00150076
ml19_293a_0015_part77.wav,77,385,6:25,0.1168,RAS,,,ml19_293a_00150077
ml19_293a_0015_part78.wav,78,390,6:30,0.161,RAS,,,ml19_293a_00150078
ml19_293a_0015_part79.wav,79,395,6:35,0.1371,RAS,,,ml19_293a_00150079
ml19_293a_0015_part80.wav,80,400,6:40,0.112,RAS,,,ml19_293a_00150080
ml19_293a_0015_part81.wav,81,405,6:45,0.0919,RAS,,,ml19_293a_00150081
ml19_293a_0015_part82.wav,82,410,6:50,0.1467,RAS,,,ml19_293a_00150082
ml19_293a_0015_part83.wav,83,415,6:55,0.1441,RAS,,,ml19_293a_00150083
ml19_293a_0015_part84.wav,84,420,7:00,0.1212,RAS,,,ml19_293a_00150084
ml19_293a_0015_part85.wav,85,425,7:05,0.1044,RAS,,,ml19_293a_00150085
ml19_293a_0015_part86.wav,86,430,7:10,0.1012,RAS,,,ml19_293a_00150086
ml19_293a_0015_part87.wav,87,435,7:15,0.1414,RAS,,,ml19_293a_00150087
ml19_293a_0015_part88.wav,88,440,7:20,0.1485,RAS,,,ml19_293a_00150088
ml19_293a_0015_part89.wav,89,445,7:25,0.1648,RAS,,,ml19_293a_00150089
ml19_293a_0015_part90.wav,90,450,7:30,0.1435,RAS,,,ml19_293a_00150090
ml19_293a_0015_part91.wav,91,455,7:35,0.1325,RAS,,,ml19_293a_00150091
ml19_293a_0015_part92.wav,92,460,7:40,0.1513,RAS,,,ml19_293a_00150092
ml19_293a_0015_part93.wav,93,465,7:45,0.1283,RAS,,,ml19_293a_00150093
ml19_293a_0015_part94.wav,94,470,7:50,0.1689,RAS,,,ml19_293a_00150094
ml19_293a_0015_part95.wav,95,475,7:55,0.1087,RAS,,,ml19_293a_00150095
ml19_293a_0015_part96.wav,96,480,8:00,0.1131,RAS,,,ml19_293a_00150096
ml19_293a_0015_part97.wav,97,485,8:05,0.1433,RAS,,,ml19_293a_00150097
ml19_293a_0015_part98.wav,98,490,8:10,0.1184,RAS,,,ml19_293a_00150098
ml19_293a_0015_part99.wav,99,495,8:15,0.1339,RAS,,,ml19_293a_00150099
ml19_293a_0015_part100.wav,100,500,8:20,0.1159,RAS,,,ml19_293a_00150100
ml19_293a_0015_part101.wav,101,505,8:25,0.1495,RAS,,,ml19_293a_00150101
ml19_293a_0015_part102.wav,102,510,8:30,0.0928,RAS,,,ml19_293a_00150102
ml19_293a_0015_part103.wav,103,515,8:35,0.1612,RAS,,,ml19_293a_00150103
ml19_293a_0015_part104.wav,104,520,8:40,0.1628,RAS,,,ml19_293a_00150104
ml19_293a_0015_part105.wav,105,525,8:45,0.1024,RAS,,,ml19_293a_00150105
ml19_293a_0015_part106.wav,106,530,8:50,0.1207,RAS,,,ml19_293a_00150106
ml19_293a_0015_part107.wav,107,535,8:55,0.1789,RAS,,,ml19_293a_00150107
ml19_293a_0015_part108.wav,108,540,9:00,0.1728,RAS,,,ml19_293a_00150108
ml19_293a_0015_part109.wav,109,545,9:05,0.1793,RAS,,,ml19_293a_00150109
ml19_293a_0015_part110.wav,110,550,9:10,0.16,RAS,,,ml19_293a_00150110
ml19_293a_0015_part111.wav,111,555,9:15,0.1149,RAS,,,ml19_293a_00150111
ml19_293a_0015_part112.wav,112,560,9:20,0.1562,RAS,,,ml19_293a_00150112
ml19_293a_0015_part113.wav,113,565,9:25,0.1192,RAS,,,ml19_293a_00150113
ml19_293a_0015_part114.wav,114,570,9:30,0.1524,RAS,,,ml19_293a_00150114
ml19_293a_0015_part115.wav,115,575,9:35,0.1193,RAS,,,ml19_293a_00150115
ml19_293a_0015_part116.wav,116,580,9:40,0.1402,RAS,,,ml19_293a_00150116
ml19_293a_0015_part117.wav,117,585,9:45,0.1596,RAS,,,ml19_293a_00150117
ml19_293a_0015_part118.wav,118,590,9:50,0.1433,RAS,,,ml19_293a_00150118
ml19_293a_0015_part119.wav,119,595,9:55,0.1371,RAS,,,ml19_293a_00150119
ml19_293a_0015_part120.wav,120,600,10:00,0.1248,RAS,,,ml19_293a_00150120
ml19_293a_0015_part121.wav,121,605,10:05,0.1276,RAS,,,ml19_293a_00150121
ml19_293a_0015_part122.wav,122,610,10:10,0.1127,RAS,,,ml19_293a_00150122
ml19_293a_0015_part123.wav,123,615,10:15,0.1976,RAS,,,ml19_293a_00150123
ml19_293a_0015_part124.wav,124,620,10:20,0.1164,RAS,,,ml19_293a_00150124
ml19_293a_0015_part125.wav,125,625,10:25,0.1423,RAS,,,ml19_293a_00150125
ml19_293a_0015_part126.wav,126,630,10:30,0.1188,RAS,,,ml19_293a_00150126
ml19_293a_0015_part127.wav,127,635,10:35,0.28,ANOMALIE,,,ml19_293a_00150127
ml19_293a_0015_part128.wav,128,640,10:40,0.2002,RAS,,,ml19_293a_00150128
ml19_293a_0015_part129.wav,129,645,10:45,0.1437,RAS,,,ml19_293a_00150129
ml19_293a_0015_part130.wav,130,650,10:50,0.1104,RAS,,,ml19_293a_00150130
ml19_293a_0015_part131.wav,131,655,10:55,0.1694,RAS,,,ml19_293a_00150131
ml19_293a_0015_part132.wav,132,660,11:00,0.2026,RAS,,,ml19_293a_00150132
ml19_293a_0015_part133.wav,133,665,11:05,0.1413,RAS,,,ml19_293a_00150133
ml19_293a_0015_part134.wav,134,670,11:10,0.2344,RAS,,,ml19_293a_00150134
ml19_293a_0015_part135.wav,135,675,11:15,0.2044,RAS,,,ml19_293a_00150135
ml19_293a_0015_part136.wav,136,680,11:20,0.115,RAS,,,ml19_293a_00150136
ml19_293a_0015_part137.wav,137,685,11:25,0.1304,RAS,,,ml19_293a_00150137
ml19_293a_0015_part138.wav,138,690,11:30,0.2155,RAS,,,ml19_293a_00150138
ml19_293a_0015_part139.wav,139,695,11:35,0.1505,RAS,,,ml19_293a_00150139
ml19_293a_0015_part140.wav,140,700,11:40,0.1566,RAS,,,ml19_293a_00150140
ml19_293a_0015_part141.wav,141,705,11:45,0.1859,RAS,,,ml19_293a_00150141
ml19_293a_0066_part0.wav,0,0,0:00,0.2531,ANOMALIE,,,ml19_293a_00660000
ml19_293a_0066_part1.wav,1,5,0:05,0.1628,RAS,,,ml19_293a_00660001
ml19_293a_0066_part2.wav,2,10,0:10,0.1575,RAS,,,ml19_293a_00660002
ml19_293a_0066_part3.wav,3,15,0:15,0.1301,RAS,,,ml19_293a_00660003
ml19_293a_0066_part4.wav,4,20,0:20,0.1235,RAS,,,ml19_293a_00660004
ml19_293a_0066_part5.wav,5,25,0:25,0.1367,RAS,,,ml19_293a_00660005
ml19_293a_0066_part6.wav,6,30,0:30,0.1149,RAS,,,ml19_293a_00660006
ml19_293a_0066_part7.wav,7,35,0:35,0.2622,ANOMALIE,,,ml19_293a_00660007
ml19_293a_0066_part8.wav,8,40,0:40,0.1286,RAS,,,ml19_293a_00660008
ml19_293a_0066_part9.wav,9,45,0:45,0.1364,RAS,,,ml19_293a_00660009
ml19_293a_0066_part10.wav,10,50,0:50,0.1372,RAS,,,ml19_293a_00660010
ml19_293a_0066_part11.wav,11,55,0:55,0.1227,RAS,,,ml19_293a_00660011
ml19_293a_0066_part12.wav,12,60,1:00,0.1566,RAS,,,ml19_293a_00660012
ml19_293a_0066_part13.wav,13,65,1:05,0.1575,RAS,,,ml19_293a_00660013
ml19_293a_0066_part14.wav,14,70,1:10,0.1771,RAS,,,ml19_293a_00660014
ml19_293a_0066_part15.wav,15,75,1:15,0.1453,RAS,,,ml19_293a_00660015
ml19_293a_0066_part16.wav,16,80,1:20,0.2169,RAS,,,ml19_293a_00660016
ml19_293a_0066_part17.wav,17,85,1:25,0.1895,RAS,,,ml19_293a_00660017
ml19_293a_0066_part18.wav,18,90,1:30,0.1767,RAS,,,ml19_293a_00660018
ml19_293a_0066_part19.wav,19,95,1:35,0.1206,RAS,,,ml19_293a_00660019
ml19_293a_0066_part20.wav,20,100,1:40,0.1982,RAS,,,ml19_293a_00660020
ml19_293a_0066_part21.wav,21,105,1:45,0.1224,RAS,,,ml19_293a_00660021
ml19_293a_0066_part22.wav,22,110,1:50,0.1397,RAS,,,ml19_293a_00660022
ml19_293a_0066_part23.wav,23,115,1:55,0.0996,RAS,,,ml19_293a_00660023
ml19_293a_0066_part24.wav,24,120,2:00,0.082,RAS,,,ml19_293a_00660024
ml19_293a_0066_part25.wav,25,125,2:05,0.202,RAS,,,ml19_293a_00660025
ml19_293a_0066_part26.wav,26,130,2:10,0.1328,RAS,,,ml19_293a_00660026
ml19_293a_0066_part27.wav,27,135,2:15,0.139,RAS,,,ml19_293a_00660027
ml19_293a_0066_part28.wav,28,140,2:20,0.1556,RAS,,,ml19_293a_00660028
ml19_293a_0066_part29.wav,29,145,2:25,0.0986,RAS,,,ml19_293a_00660029
ml19_293a_0066_part30.wav,30,150,2:30,0.1483,RAS,,,ml19_293a_00660030
ml19_293a_0066_part31.wav,31,155,2:35,0.1066,RAS,,,ml19_293a_00660031
ml19_293a_0066_part32.wav,32,160,2:40,0.1927,RAS,,,ml19_293a_00660032
ml19_293a_0066_part33.wav,33,165,2:45,0.1281,RAS,,,ml19_293a_00660033
ml19_293a_0066_part34.wav,34,170,2:50,0.1634,RAS,,,ml19_293a_00660034
ml19_293a_0066_part35.wav,35,175,2:55,0.2313,RAS,,,ml19_293a_00660035
ml19_293a_0066_part36.wav,36,180,3:00,0.134,RAS,,,ml19_293a_00660036
ml19_293a_0066_part37.wav,37,185,3:05,0.1338,RAS,,,ml19_293a_00660037
ml19_293a_0066_part38.wav,38,190,3:10,0.1994,RAS,,,ml19_293a_00660038
ml19_293a_0066_part39.wav,39,195,3:15,0.0922,RAS,,,ml19_293a_00660039
ml19_293a_0066_part40.wav,40,200,3:20,0.1561,RAS,,,ml19_293a_00660040
ml19_293a_0066_part41.wav,41,205,3:25,0.1246,RAS,,,ml19_293a_00660041
ml19_293a_0066_part42.wav,42,210,3:30,0.1437,RAS,,,ml19_293a_00660042
ml19_293a_0066_part43.wav,43,215,3:35,0.1906,RAS,,,ml19_293a_00660043
ml19_293a_0066_part44.wav,44,220,3:40,0.1068,RAS,,,ml19_293a_00660044
ml19_293a_0066_part45.wav,45,225,3:45,0.1126,RAS,,,ml19_293a_00660045
ml19_293a_0066_part46.wav,46,230,3:50,0.1063,RAS,,,ml19_293a_00660046
ml19_293a_0066_part47.wav,47,235,3:55,0.2247,RAS,,,ml19_293a_00660047
ml19_293a_0066_part48.wav,48,240,4:00,0.0992,RAS,,,ml19_293a_00660048
ml19_293a_0066_part49.wav,49,245,4:05,0.09,RAS,,,ml19_293a_00660049
ml19_293a_0066_part50.wav,50,250,4:10,0.1516,RAS,,,ml19_293a_00660050
ml19_293a_0066_part51.wav,51,255,4:15,0.0882,RAS,,,ml19_293a_00660051
ml19_293a_0066_part52.wav,52,260,4:20,0.1183,RAS,,,ml19_293a_00660052
ml19_293a_0066_part53.wav,53,265,4:25,0.1292,RAS,,,ml19_293a_00660053
ml19_293a_0066_part54.wav,54,270,4:30,0.1033,RAS,,,ml19_293a_00660054
ml19_293a_0066_part55.wav,55,275,4:35,0.1449,RAS,,,ml19_293a_00660055
ml19_293a_0066_part56.wav,56,280,4:40,0.1173,RAS,,,ml19_293a_00660056
ml19_293a_0066_part57.wav,57,285,4:45,0.5132,ANOMALIE,,,ml19_293a_00660057
ml19_293a_0066_part58.wav,58,290,4:50,0.2106,RAS,,,ml19_293a_00660058
ml19_293a_0066_part59.wav,59,295,4:55,0.4417,ANOMALIE,,,ml19_293a_00660059
ml19_293a_0066_part60.wav,60,300,5:00,0.3995,ANOMALIE,,,ml19_293a_00660060
ml19_293a_0066_part61.wav,61,305,5:05,0.1144,RAS,,,ml19_293a_00660061
ml19_293a_0066_part62.wav,62,310,5:10,0.1876,RAS,,,ml19_293a_00660062
ml19_293a_0066_part63.wav,63,315,5:15,0.0938,RAS,,,ml19_293a_00660063
ml19_293a_0066_part64.wav,64,320,5:20,0.1493,RAS,,,ml19_293a_00660064
ml19_293a_0066_part65.wav,65,325,5:25,0.1395,RAS,,,ml19_293a_00660065
ml19_293a_0066_part66.wav,66,330,5:30,0.1425,RAS,,,ml19_293a_00660066
ml19_293a_0066_part67.wav,67,335,5:35,0.0891,RAS,,,ml19_293a_00660067
ml19_293a_0066_part68.wav,68,340,5:40,0.1094,RAS,,,ml19_293a_00660068
ml19_293a_0066_part69.wav,69,345,5:45,0.0986,RAS,,,ml19_293a_00660069
ml19_293a_0066_part70.wav,70,350,5:50,0.2595,ANOMALIE,,,ml19_293a_00660070
ml19_293a_0066_part71.wav,71,355,5:55,0.1119,RAS,,,ml19_293a_00660071
ml19_293a_0066_part72.wav,72,360,6:00,0.2092,RAS,,,ml19_293a_00660072
ml19_293a_0066_part73.wav,73,365,6:05,0.1774,RAS,,,ml19_293a_00660073
ml19_293a_0066_part74.wav,74,370,6:10,0.094,RAS,,,ml19_293a_00660074
ml19_293a_0066_part75.wav,75,375,6:15,0.1531,RAS,,,ml19_293a_00660075
ml19_293a_0066_part76.wav,76,380,6:20,0.1308,RAS,,,ml19_293a_00660076
ml19_293a_0066_part77.wav,77,385,6:25,0.1568,RAS,,,ml19_293a_00660077
ml19_293a_0066_part78.wav,78,390,6:30,0.1236,RAS,,,ml19_293a_00660078
ml19_293a_0066_part79.wav,79,395,6:35,0.1428,RAS,,,ml19_293a_00660079
ml19_293a_0066_part80.wav,80,400,6:40,0.1702,RAS,,,ml19_293a_00660080
ml19_293a_0066_part81.wav,81,405,6:45,0.246,RAS,,,ml19_293a_00660081
ml19_293a_0066_part82.wav,82,410,6:50,0.1284,RAS,,,ml19_293a_00660082
ml19_293a_0066_part83.wav,83,415,6:55,0.1301,RAS,,,ml19_293a_00660083
ml19_293a_0066_part84.wav,84,420,7:00,0.2153,RAS,,,ml19_293a_00660084
ml19_293a_0066_part85.wav,85,425,7:05,0.2076,RAS,,,ml19_293a_00660085
ml19_293a_0066_part86.wav,86,430,7:10,0.1523,RAS,,,ml19_293a_00660086
ml19_293a_0066_part87.wav,87,435,7:15,0.1525,RAS,,,ml19_293a_00660087
ml19_293a_0066_part88.wav,88,440,7:20,0.1227,RAS,,,ml19_293a_00660088
ml19_293a_0066_part89.wav,89,445,7:25,0.1431,RAS,,,ml19_293a_00660089
ml19_293a_0066_part90.wav,90,450,7:30,0.1323,RAS,,,ml19_293a_00660090
ml19_293a_0066_part91.wav,91,455,7:35,0.1766,RAS,,,ml19_293a_00660091
ml19_293a_0066_part92.wav,92,460,7:40,0.1712,RAS,,,ml19_293a_00660092
ml19_293a_0066_part93.wav,93,465,7:45,0.1022,RAS,,,ml19_293a_00660093
ml19_294a_0011_part0.wav,0,0,0:00,0.1485,RAS,,,ml19_294a_00110000
ml19_294a_0011_part1.wav,1,5,0:05,0.1592,RAS,,,ml19_294a_00110001
ml19_294a_0011_part2.wav,2,10,0:10,0.1879,RAS,,,ml19_294a_00110002
ml19_294a_0011_part3.wav,3,15,0:15,0.1612,RAS,,,ml19_294a_00110003
ml19_294a_0011_part4.wav,4,20,0:20,0.1633,RAS,,,ml19_294a_00110004
ml19_294a_0011_part5.wav,5,25,0:25,0.1791,RAS,,,ml19_294a_00110005
ml19_294a_0011_part6.wav,6,30,0:30,0.1576,RAS,,,ml19_294a_00110006
ml19_294a_0011_part7.wav,7,35,0:35,0.1421,RAS,,,ml19_294a_00110007
ml19_294a_0011_part8.wav,8,40,0:40,0.1822,RAS,,,ml19_294a_00110008
ml19_294a_0011_part9.wav,9,45,0:45,0.1674,RAS,,,ml19_294a_00110009
ml19_294a_0011_part10.wav,10,50,0:50,0.1883,RAS,,,ml19_294a_00110010
ml19_294a_0011_part11.wav,11,55,0:55,0.1586,RAS,,,ml19_294a_00110011
ml19_294a_0011_part12.wav,12,60,1:00,0.1843,RAS,,,ml19_294a_00110012
ml19_294a_0011_part13.wav,13,65,1:05,0.1666,RAS,,,ml19_294a_00110013
ml19_294a_0011_part14.wav,14,70,1:10,0.1495,RAS,,,ml19_294a_00110014
ml19_294a_0011_part15.wav,15,75,1:15,0.1594,RAS,,,ml19_294a_00110015
ml19_294a_0011_part16.wav,16,80,1:20,0.1924,RAS,,,ml19_294a_00110016
ml19_294a_0011_part17.wav,17,85,1:25,0.1641,RAS,,,ml19_294a_00110017
ml19_294a_0011_part18.wav,18,90,1:30,0.1404,RAS,,,ml19_294a_00110018
ml19_294a_0011_part19.wav,19,95,1:35,0.1791,RAS,,,ml19_294a_00110019
ml19_294a_0011_part20.wav,20,100,1:40,0.1637,RAS,,,ml19_294a_00110020
ml19_294a_0011_part21.wav,21,105,1:45,0.1531,RAS,,,ml19_294a_00110021
ml19_294a_0011_part22.wav,22,110,1:50,0.1393,RAS,,,ml19_294a_00110022
ml19_294a_0011_part23.wav,23,115,1:55,0.1467,RAS,,,ml19_294a_00110023
ml19_294a_0011_part24.wav,24,120,2:00,0.2081,RAS,,,ml19_294a_00110024
ml19_294a_0011_part25.wav,25,125,2:05,0.1499,RAS,,,ml19_294a_00110025
ml19_294a_0011_part26.wav,26,130,2:10,0.2058,RAS,,,ml19_294a_00110026
ml19_294a_0011_part27.wav,27,135,2:15,0.1849,RAS,,,ml19_294a_00110027
ml19_294a_0011_part28.wav,28,140,2:20,0.1664,RAS,,,ml19_294a_00110028
ml19_294a_0011_part29.wav,29,145,2:25,0.1721,RAS,,,ml19_294a_00110029
ml19_294a_0011_part30.wav,30,150,2:30,0.2216,RAS,,,ml19_294a_00110030
ml19_294a_0011_part31.wav,31,155,2:35,0.205,RAS,,,ml19_294a_00110031
ml19_294a_0011_part32.wav,32,160,2:40,0.1813,RAS,,,ml19_294a_00110032
ml19_294a_0011_part33.wav,33,165,2:45,0.2083,RAS,,,ml19_294a_00110033
ml19_294a_0011_part34.wav,34,170,2:50,0.178,RAS,,,ml19_294a_00110034
ml19_294a_0011_part35.wav,35,175,2:55,0.1741,RAS,,,ml19_294a_00110035
ml19_294a_0011_part36.wav,36,180,3:00,0.2598,ANOMALIE,,,ml19_294a_00110036
ml19_294a_0011_part37.wav,37,185,3:05,0.2276,RAS,,,ml19_294a_00110037
ml19_294a_0011_part38.wav,38,190,3:10,0.1751,RAS,,,ml19_294a_00110038
ml19_294a_0011_part39.wav,39,195,3:15,0.1649,RAS,,,ml19_294a_00110039
ml19_294a_0011_part40.wav,40,200,3:20,0.1933,RAS,,,ml19_294a_00110040
ml19_294a_0011_part41.wav,41,205,3:25,0.2121,RAS,,,ml19_294a_00110041
ml19_294a_0011_part42.wav,42,210,3:30,0.2391,RAS,,,ml19_294a_00110042
ml19_294a_0011_part43.wav,43,215,3:35,0.2211,RAS,,,ml19_294a_00110043
ml19_294a_0011_part44.wav,44,220,3:40,0.1575,RAS,,,ml19_294a_00110044
ml19_294a_0011_part45.wav,45,225,3:45,0.177,RAS,,,ml19_294a_00110045
ml19_294a_0011_part46.wav,46,230,3:50,0.1548,RAS,,,ml19_294a_00110046
ml19_294a_0011_part47.wav,47,235,3:55,0.1529,RAS,,,ml19_294a_00110047
ml19_294a_0011_part48.wav,48,240,4:00,0.2135,RAS,,,ml19_294a_00110048
ml19_294a_0011_part49.wav,49,245,4:05,0.1562,RAS,,,ml19_294a_00110049
ml19_294a_0011_part50.wav,50,250,4:10,0.1645,RAS,,,ml19_294a_00110050
ml19_294a_0011_part51.wav,51,255,4:15,0.191,RAS,,,ml19_294a_00110051
ml19_294a_0011_part52.wav,52,260,4:20,0.139,RAS,,,ml19_294a_00110052
ml19_294a_0011_part53.wav,53,265,4:25,0.1502,RAS,,,ml19_294a_00110053
ml19_294a_0011_part54.wav,54,270,4:30,0.1418,RAS,,,ml19_294a_00110054
ml19_294a_0011_part55.wav,55,275,4:35,0.1555,RAS,,,ml19_294a_00110055
ml19_294a_0011_part56.wav,56,280,4:40,0.1862,RAS,,,ml19_294a_00110056
ml19_294a_0011_part57.wav,57,285,4:45,0.1594,RAS,,,ml19_294a_00110057
ml19_294a_0011_part58.wav,58,290,4:50,0.1426,RAS,,,ml19_294a_00110058
ml19_294a_0011_part59.wav,59,295,4:55,0.1486,RAS,,,ml19_294a_00110059
ml19_294a_0011_part60.wav,60,300,5:00,0.1437,RAS,,,ml19_294a_00110060
ml19_294a_0011_part61.wav,61,305,5:05,0.173,RAS,,,ml19_294a_00110061
ml19_294a_0011_part62.wav,62,310,5:10,0.1644,RAS,,,ml19_294a_00110062