Source Audio,Part,Début (sec),Début (min:sec),Distance,Status,Listening, ,Unnamed: 8,Validation_Humaine
ml17_280a_0083_part0.wav,0,0,0:00,0.5812,ANOMALIE,Yes,,ml17_280a_00830000,ANOMALIE
ml17_280a_0083_part1.wav,1,5,0:05,0.2752,ANOMALIE,Yes,,ml17_280a_00830001,ANOMALIE
ml17_280a_0083_part2.wav,2,10,0:10,0.5571,ANOMALIE,Yes,,ml17_280a_00830002,ANOMALIE
ml17_280a_0083_part3.wav,3,15,0:15,0.205,RAS,Yes (-),,ml17_280a_00830003,ANOMALIE
ml17_280a_0083_part4.wav,4,20,0:20,0.5054,ANOMALIE,Yes,,ml17_280a_00830004,ANOMALIE
ml17_280a_0083_part5.wav,5,25,0:25,0.186,RAS,Yes (-),,ml17_280a_00830005,ANOMALIE
ml17_280a_0083_part6.wav,6,30,0:30,0.5519,ANOMALIE,,,ml17_280a_00830006,ANOMALIE
ml17_280a_0083_part7.wav,7,35,0:35,0.5343,ANOMALIE,,,ml17_280a_00830007,ANOMALIE
ml17_280a_0083_part8.wav,8,40,0:40,0.4727,ANOMALIE,,,ml17_280a_00830008,ANOMALIE
ml17_280a_0083_part9.wav,9,45,0:45,0.5062,ANOMALIE,,,ml17_280a_00830009,ANOMALIE
ml17_280a_0083_part10.wav,10,50,0:50,0.4804,ANOMALIE,,,ml17_280a_00830010,ANOMALIE
ml17_280a_0083_part11.wav,11,55,0:55,0.4637,ANOMALIE,,,ml17_280a_00830011,ANOMALIE
ml17_280a_0083_part12.wav,12,60,1:00,0.4229,ANOMALIE,,,ml17_280a_00830012,ANOMALIE
ml17_280a_0083_part13.wav,13,65,1:05,0.5193,ANOMALIE,,,ml17_280a_00830013,ANOMALIE
ml17_280a_0083_part14.wav,14,70,1:10,0.5319,ANOMALIE,,,ml17_280a_00830014,ANOMALIE
ml17_280a_0083_part15.wav,15,75,1:15,0.4676,ANOMALIE,,,ml17_280a_00830015,ANOMALIE
ml17_280a_0083_part16.wav,16,80,1:20,0.4385,ANOMALIE,,,ml17_280a_00830016,ANOMALIE
ml17_280a_0083_part17.wav,17,85,1:25,0.4752,ANOMALIE,,,ml17_280a_00830017,ANOMALIE
ml17_280a_0083_part18.wav,18,90,1:30,0.3925,ANOMALIE,,,ml17_280a_00830018,ANOMALIE
ml17_280a_0083_part19.wav,19,95,1:35,0.428,ANOMALIE,,,ml17_280a_00830019,ANOMALIE
ml17_280a_0083_part20.wav,20,100,1:40,0.5009,ANOMALIE,,,ml17_280a_00830020,ANOMALIE
ml17_280a_0083_part21.wav,21,105,1:45,0.4945,ANOMALIE,,,ml17_280a_00830021,ANOMALIE
ml17_280a_0083_part22.wav,22,110,1:50,0.396,ANOMALIE,,,ml17_280a_00830022,ANOMALIE
ml17_280a_0083_part23.wav,23,115,1:55,0.5177,ANOMALIE,,,ml17_280a_00830023,ANOMALIE
ml17_280a_0083_part24.wav,24,120,2:00,0.4962,ANOMALIE,,,ml17_280a_00830024,ANOMALIE
ml17_280a_0083_part25.wav,25,125,2:05,0.5406,ANOMALIE,,,ml17_280a_00830025,ANOMALIE
ml17_280a_0083_part26.wav,26,130,2:10,0.4764,ANOMALIE,,,ml17_280a_00830026,ANOMALIE
ml17_280a_0083_part27.wav,27,135,2:15,0.5412,ANOMALIE,,,ml17_280a_00830027,ANOMALIE
ml17_280a_0083_part28.wav,28,140,2:20,0.5251,ANOMALIE,,,ml17_280a_00830028,ANOMALIE
ml17_280a_0083_part29.wav,29,145,2:25,0.586,ANOMALIE,,,ml17_280a_00830029,ANOMALIE
ml17_280a_0083_part30.wav,30,150,2:30,0.5271,ANOMALIE,,,ml17_280a_00830030,ANOMALIE
ml17_280a_0083_part31.wav,31,155,2:35,0.6207,ANOMALIE,,,ml17_280a_00830031,ANOMALIE
ml17_280a_0083_part32.wav,32,160,2:40,0.5816,ANOMALIE,,,ml17_280a_00830032,ANOMALIE
ml17_280a_0083_part33.wav,33,165,2:45,0.582,ANOMALIE,,,ml17_280a_00830033,ANOMALIE
ml17_280a_0083_part34.wav,34,170,2:50,0.4709,ANOMALIE,,,ml17_280a_00830034,ANOMALIE
ml17_280a_0083_part35.wav,35,175,2:55,0.3699,ANOMALIE,,,ml17_280a_00830035,ANOMALIE
ml17_280a_0083_part36.wav,36,180,3:00,0.5655,ANOMALIE,,,ml17_280a_00830036,ANOMALIE
ml17_280a_0083_part37.wav,37,185,3:05,0.594,ANOMALIE,,,ml17_280a_00830037,ANOMALIE
ml17_280a_0083_part38.wav,38,190,3:10,0.251,ANOMALIE,,,ml17_280a_00830038,ANOMALIE
ml17_280a_0083_part39.wav,39,195,3:15,0.5449,ANOMALIE,,,ml17_280a_00830039,ANOMALIE
ml17_280a_0083_part40.wav,40,200,3:20,0.3611,ANOMALIE,,,ml17_280a_00830040,ANOMALIE
ml17_280a_0083_part41.wav,41,205,3:25,0.5447,ANOMALIE,,,ml17_280a_00830041,ANOMALIE
ml17_280a_0083_part42.wav,42,210,3:30,0.1477,RAS,,,ml17_280a_00830042,ANOMALIE
ml17_280a_0083_part43.wav,43,215,3:35,0.1312,RAS,,,ml17_280a_00830043,ANOMALIE
ml17_280a_0083_part44.wav,44,220,3:40,0.0927,RAS,,,ml17_280a_00830044,RAS
ml17_280a_0083_part45.wav,45,225,3:45,0.4501,ANOMALIE,,,ml17_280a_00830045,ANOMALIE
ml17_280a_0083_part46.wav,46,230,3:50,0.0808,RAS,,,ml17_280a_00830046,RAS
ml17_280a_0083_part47.wav,47,235,3:55,0.1663,RAS,,,ml17_280a_00830047,RAS
ml17_280a_0083_part48.wav,48,240,4:00,0.1515,RAS,,,ml17_280a_00830048,ANOMALIE
ml17_280a_0083_part49.wav,49,245,4:05,0.3825,ANOMALIE,,,ml17_280a_00830049,RAS
ml17_280a_0083_part50.wav,50,250,4:10,0.1152,RAS,,,ml17_280a_00830050,ANOMALIE
ml17_280a_0083_part51.wav,51,255,4:15,0.2795,ANOMALIE,,,ml17_280a_00830051,ANOMALIE
ml17_280a_0083_part52.wav,52,260,4:20,0.3049,ANOMALIE,,,ml17_280a_00830052,ANOMALIE
ml17_280a_0083_part53.wav,53,265,4:25,0.1128,RAS,,,ml17_280a_00830053,ANOMALIE
ml17_280a_0083_part54.wav,54,270,4:30,0.0976,RAS,,,ml17_280a_00830054,ANOMALIE
ml17_280a_0083_part55.wav,55,275,4:35,0.3223,ANOMALIE,,,ml17_280a_00830055,ANOMALIE
ml17_280a_0083_part56.wav,56,280,4:40,0.1094,RAS,,,ml17_280a_00830056,ANOMALIE
ml17_280a_0083_part57.wav,57,285,4:45,0.228,RAS,,,ml17_280a_00830057,ANOMALIE
ml17_280a_0083_part58.wav,58,290,4:50,0.16,RAS,,,ml17_280a_00830058,RAS
ml17_280a_0083_part59.wav,59,295,4:55,0.1812,RAS,,,ml17_280a_00830059,RAS
ml17_280a_0083_part60.wav,60,300,5:00,0.1641,RAS,,,ml17_280a_00830060,RAS
ml17_280a_0083_part61.wav,61,305,5:05,0.1273,RAS,,,ml17_280a_00830061,RAS
ml17_280a_0083_part62.wav,62,310,5:10,0.1002,RAS,,,ml17_280a_00830062,RAS
ml17_280a_0083_part63.wav,63,315,5:15,0.2116,RAS,,,ml17_280a_00830063,RAS
ml17_280a_0083_part64.wav,64,320,5:20,0.2144,RAS,,,ml17_280a_00830064,RAS
ml17_280a_0083_part65.wav,65,325,5:25,0.1929,RAS,,,ml17_280a_00830065,RAS
ml17_280a_0083_part66.wav,66,330,5:30,0.2615,ANOMALIE,,,ml17_280a_00830066,ANOMALIE
ml17_280a_0083_part67.wav,67,335,5:35,0.1997,RAS,,,ml17_280a_00830067,RAS
ml17_280a_0083_part68.wav,68,340,5:40,0.1965,RAS,,,ml17_280a_00830068,RAS
ml17_280a_0083_part69.wav,69,345,5:45,0.3566,ANOMALIE,,,ml17_280a_00830069,RAS
ml17_280a_0083_part70.wav,70,350,5:50,0.399,ANOMALIE,,,ml17_280a_00830070,ANOMALIE
ml17_280a_0083_part71.wav,71,355,5:55,0.101,RAS,,,ml17_280a_00830071,RAS
ml17_280a_0083_part72.wav,72,360,6:00,0.5406,ANOMALIE,,,ml17_280a_00830072,ANOMALIE
ml17_280a_0083_part73.wav,73,365,6:05,0.2359,RAS,,,ml17_280a_00830073,ANOMALIE
ml17_280a_0083_part74.wav,74,370,6:10,0.4341,ANOMALIE,,,ml17_280a_00830074,ANOMALIE
ml17_280a_0083_part75.wav,75,375,6:15,0.494,ANOMALIE,,,ml17_280a_00830075,ANOMALIE
ml17_280a_0083_part76.wav,76,380,6:20,0.4271,ANOMALIE,,,ml17_280a_00830076,ANOMALIE
ml17_280a_0083_part77.wav,77,385,6:25,0.5951,ANOMALIE,,,ml17_280a_00830077,ANOMALIE
ml17_280a_0083_part78.wav,78,390,6:30,0.3721,ANOMALIE,,,ml17_280a_00830078,ANOMALIE
ml17_280a_0083_part79.wav,79,395,6:35,0.4555,ANOMALIE,,,ml17_280a_00830079,ANOMALIE
ml17_280a_0083_part80.wav,80,400,6:40,0.405,ANOMALIE,,,ml17_280a_00830080,ANOMALIE
ml17_280a_0083_part81.wav,81,405,6:45,0.5366,ANOMALIE,,,ml17_280a_00830081,ANOMALIE
ml17_280a_0083_part82.wav,82,410,6:50,0.338,ANOMALIE,,,ml17_280a_00830082,ANOMALIE
ml17_280a_0083_part83.wav,83,415,6:55,0.5422,ANOMALIE,,,ml17_280a_00830083,ANOMALIE
ml17_280a_0083_part84.wav,84,420,7:00,0.5353,ANOMALIE,,,ml17_280a_00830084,ANOMALIE
ml17_280a_0088_part0.wav,0,0,0:00,0.1259,RAS,,,ml17_280a_00880000,RAS
ml17_280a_0088_part1.wav,1,5,0:05,0.107,RAS,,,ml17_280a_00880001,RAS
ml17_280a_0088_part2.wav,2,10,0:10,0.1587,RAS,,,ml17_280a_00880002,RAS
ml17_280a_0088_part3.wav,3,15,0:15,0.1443,RAS,,,ml17_280a_00880003,RAS
ml17_280a_0088_part4.wav,4,20,0:20,0.1731,RAS,,,ml17_280a_00880004,RAS
ml17_280a_0088_part5.wav,5,25,0:25,0.1162,RAS,,,ml17_280a_00880005,RAS
ml17_280a_0088_part6.wav,6,30,0:30,0.1028,RAS,,,ml17_280a_00880006,RAS
ml17_280a_0088_part7.wav,7,35,0:35,0.1273,RAS,,,ml17_280a_00880007,RAS
ml17_280a_0088_part8.wav,8,40,0:40,0.1527,RAS,,,ml17_280a_00880008,RAS
ml17_280a_0088_part9.wav,9,45,0:45,0.143,RAS,,,ml17_280a_00880009,RAS
ml17_280a_0088_part10.wav,10,50,0:50,0.106,RAS,,,ml17_280a_00880010,RAS
ml17_280a_0088_part11.wav,11,55,0:55,0.1637,RAS,,,ml17_280a_00880011,RAS
ml17_280a_0088_part12.wav,12,60,1:00,0.1452,RAS,,,ml17_280a_00880012,RAS
ml17_280a_0088_part13.wav,13,65,1:05,0.1478,RAS,,,ml17_280a_00880013,RAS
ml17_280a_0088_part14.wav,14,70,1:10,0.15,RAS,,,ml17_280a_00880014,RAS
ml17_280a_0088_part15.wav,15,75,1:15,0.1241,RAS,,,ml17_280a_00880015,RAS
ml17_280a_0088_part16.wav,16,80,1:20,0.1058,RAS,,,ml17_280a_00880016,RAS
ml17_280a_0088_part17.wav,17,85,1:25,0.0985,RAS,,,ml17_280a_00880017,RAS
ml17_280a_0088_part18.wav,18,90,1:30,0.1286,RAS,,,ml17_280a_00880018,RAS
ml17_280a_0088_part19.wav,19,95,1:35,0.138,RAS,,,ml17_280a_00880019,RAS
ml17_280a_0088_part20.wav,20,100,1:40,0.1453,RAS,,,ml17_280a_00880020,RAS
ml17_280a_0088_part21.wav,21,105,1:45,0.1324,RAS,,,ml17_280a_00880021,RAS
ml17_280a_0088_part22.wav,22,110,1:50,0.124,RAS,,,ml17_280a_00880022,RAS
ml17_280a_0088_part23.wav,23,115,1:55,0.1241,RAS,,,ml17_280a_00880023,RAS
ml17_280a_0088_part24.wav,24,120,2:00,0.1131,RAS,,,ml17_280a_00880024,RAS
ml17_280a_0088_part25.wav,25,125,2:05,0.1344,RAS,,,ml17_280a_00880025,RAS
ml17_280a_0088_part26.wav,26,130,2:10,0.1032,RAS,,,ml17_280a_00880026,RAS
ml17_280a_0088_part27.wav,27,135,2:15,0.136,RAS,,,ml17_280a_00880027,RAS
ml17_280a_0088_part28.wav,28,140,2:20,0.1166,RAS,,,ml17_280a_00880028,RAS
ml17_280a_0088_part29.wav,29,145,2:25,0.0923,RAS,,,ml17_280a_00880029,RAS
ml17_280a_0088_part30.wav,30,150,2:30,0.1883,RAS,,,ml17_280a_00880030,RAS
ml17_280a_0088_part31.wav,31,155,2:35,0.1,RAS,,,ml17_280a_00880031,RAS
ml17_280a_0088_part32.wav,32,160,2:40,0.143,RAS,,,ml17_280a_00880032,RAS
ml17_280a_0088_part33.wav,33,165,2:45,0.2072,RAS,,,ml17_280a_00880033,RAS
ml17_280a_0088_part34.wav,34,170,2:50,0.1771,RAS,,,ml17_280a_00880034,RAS
ml17_280a_0088_part35.wav,35,175,2:55,0.1315,RAS,,,ml17_280a_00880035,RAS
ml17_280a_0088_part36.wav,36,180,3:00,0.1537,RAS,,,ml17_280a_00880036,RAS
ml17_280a_0088_part37.wav,37,185,3:05,0.1156,RAS,,,ml17_280a_00880037,RAS
ml17_280a_0088_part38.wav,38,190,3:10,0.1202,RAS,,,ml17_280a_00880038,RAS
ml17_280a_0088_part39.wav,39,195,3:15,0.0821,RAS,,,ml17_280a_00880039,RAS
ml17_280a_0088_part40.wav,40,200,3:20,0.1057,RAS,,,ml17_280a_00880040,RAS
ml17_280a_0088_part41.wav,41,205,3:25,0.1461,RAS,,,ml17_280a_00880041,RAS
ml17_280a_0088_part42.wav,42,210,3:30,0.0934,RAS,,,ml17_280a_00880042,RAS
ml17_280a_0088_part43.wav,43,215,3:35,0.1078,RAS,,,ml17_280a_00880043,RAS
ml17_280a_0088_part44.wav,44,220,3:40,0.1106,RAS,,,ml17_280a_00880044,RAS
ml17_280a_0088_part45.wav,45,225,3:45,0.1057,RAS,,,ml17_280a_00880045,RAS
ml17_280a_0088_part46.wav,46,230,3:50,0.1165,RAS,,,ml17_280a_00880046,RAS
ml17_280a_0088_part47.wav,47,235,3:55,0.11,RAS,,,ml17_280a_00880047,RAS
ml17_280a_0088_part48.wav,48,240,4:00,0.1389,RAS,,,ml17_280a_00880048,RAS
ml17_280a_0088_part49.wav,49,245,4:05,0.129,RAS,,,ml17_280a_00880049,RAS
ml17_280a_0088_part50.wav,50,250,4:10,0.1167,RAS,,,ml17_280a_00880050,RAS
ml17_280a_0088_part51.wav,51,255,4:15,0.1429,RAS,,,ml17_280a_00880051,RAS
ml17_280a_0088_part52.wav,52,260,4:20,0.1096,RAS,,,ml17_280a_00880052,RAS
ml17_280a_0088_part53.wav,53,265,4:25,0.1028,RAS,,,ml17_280a_00880053,RAS
ml17_280a_0088_part54.wav,54,270,4:30,0.1249,RAS,,,ml17_280a_00880054,RAS
ml17_280a_0088_part55.wav,55,275,4:35,0.1189,RAS,,,ml17_280a_00880055,RAS
ml17_280a_0088_part56.wav,56,280,4:40,0.1352,RAS,,,ml17_280a_00880056,RAS
ml17_280a_0088_part57.wav,57,285,4:45,0.1014,RAS,,,ml17_280a_00880057,RAS
ml17_280a_0088_part58.wav,58,290,4:50,0.1799,RAS,,,ml17_280a_00880058,RAS
ml17_280a_0088_part59.wav,59,295,4:55,0.1021,RAS,,,ml17_280a_00880059,RAS
ml17_280a_0088_part60.wav,60,300,5:00,0.1791,RAS,,,ml17_280a_00880060,RAS
ml17_280a_0088_part61.wav,61,305,5:05,0.1536,RAS,,,ml17_280a_00880061,RAS
ml17_280a_0088_part62.wav,62,310,5:10,0.1395,RAS,,,ml17_280a_00880062,RAS
ml17_280a_0088_part63.wav,63,315,5:15,0.1139,RAS,,,ml17_280a_00880063,RAS
ml17_280a_0088_part64.wav,64,320,5:20,0.0969,RAS,,,ml17_280a_00880064,RAS
ml17_280a_0088_part65.wav,65,325,5:25,0.1122,RAS,,,ml17_280a_00880065,RAS
ml17_280a_0088_part66.wav,66,330,5:30,0.0957,RAS,,,ml17_280a_00880066,RAS
ml17_280a_0088_part67.wav,67,335,5:35,0.1392,RAS,,,ml17_280a_00880067,RAS
ml17_280a_0088_part68.wav,68,340,5:40,0.1296,RAS,,,ml17_280a_00880068,RAS
ml17_280a_0088_part69.wav,69,345,5:45,0.0996,RAS,,,ml17_280a_00880069,RAS
ml17_280a_0088_part70.wav,70,350,5:50,0.1301,RAS,,,ml17_280a_00880070,RAS
ml17_280a_0088_part71.wav,71,355,5:55,0.1096,RAS,,,ml17_280a_00880071,RAS
ml17_280a_0088_part72.wav,72,360,6:00,0.2291,RAS,,,ml17_280a_00880072,RAS
ml17_280a_0088_part73.wav,73,365,6:05,0.1614,RAS,,,ml17_280a_00880073,RAS
ml17_280a_0088_part74.wav,74,370,6:10,0.1269,RAS,,,ml17_280a_00880074,RAS
ml17_280a_0088_part75.wav,75,375,6:15,0.1682,RAS,,,ml17_280a_00880075,RAS
ml17_280a_0088_part76.wav,76,380,6:20,0.0978,RAS,,,ml17_280a_00880076,RAS
ml17_280a_0088_part77.wav,77,385,6:25,0.1017,RAS,,,ml17_280a_00880077,RAS
ml17_280a_0088_part78.wav,78,390,6:30,0.1325,RAS,,,ml17_280a_00880078,RAS
ml17_280a_0088_part79.wav,79,395,6:35,0.1303,RAS,,,ml17_280a_00880079,RAS
ml17_280a_0088_part80.wav,80,400,6:40,0.086,RAS,,,ml17_280a_00880080,RAS
ml17_280a_0088_part81.wav,81,405,6:45,0.1055,RAS,,,ml17_280a_00880081,RAS
ml17_280a_0088_part82.wav,82,410,6:50,0.1465,RAS,,,ml17_280a_00880082,RAS
ml17_280a_0088_part83.wav,83,415,6:55,0.2396,RAS,,,ml17_280a_00880083,RAS
ml17_280a_0088_part84.wav,84,420,7:00,0.1136,RAS,,,ml17_280a_00880084,RAS
ml17_280a_0088_part85.wav,85,425,7:05,0.1616,RAS,,,ml17_280a_00880085,RAS
ml17_280a_0088_part86.wav,86,430,7:10,0.1187,RAS,,,ml17_280a_00880086,RAS
ml17_280a_0088_part87.wav,87,435,7:15,0.1188,RAS,,,ml17_280a_00880087,RAS
ml17_280a_0088_part88.wav,88,440,7:20,0.1203,RAS,,,ml17_280a_00880088,RAS
ml17_280a_0088_part89.wav,89,445,7:25,0.1054,RAS,,,ml17_280a_00880089,RAS
ml17_280a_0088_part90.wav,90,450,7:30,0.1543,RAS,,,ml17_280a_00880090,RAS
ml17_280a_0088_part91.wav,91,455,7:35,0.1088,RAS,,,ml17_280a_00880091,RAS
ml17_280a_0088_part92.wav,92,460,7:40,0.1194,RAS,,,ml17_280a_00880092,RAS
ml17_280a_0088_part93.wav,93,465,7:45,0.1488,RAS,,,ml17_280a_00880093,RAS
ml17_280a_0088_part94.wav,94,470,7:50,0.1302,RAS,,,ml17_280a_00880094,RAS
ml17_280a_0088_part95.wav,95,475,7:55,0.107,RAS,,,ml17_280a_00880095,RAS
ml17_280a_0088_part96.wav,96,480,8:00,0.1659,RAS,,,ml17_280a_00880096,RAS
ml17_280a_0088_part97.wav,97,485,8:05,0.1156,RAS,,,ml17_280a_00880097,RAS
ml17_280a_0088_part98.wav,98,490,8:10,0.1017,RAS,,,ml17_280a_00880098,RAS
ml17_280a_0088_part99.wav,99,495,8:15,0.1082,RAS,,,ml17_280a_00880099,RAS
ml17_280a_0088_part100.wav,100,500,8:20,0.1247,RAS,,,ml17_280a_00880100,RAS
ml17_280a_0088_part101.wav,101,505,8:25,0.1035,RAS,,,ml17_280a_00880101,RAS
ml17_280a_0088_part102.wav,102,510,8:30,0.1486,RAS,,,ml17_280a_00880102,RAS
ml17_280a_0088_part103.wav,103,515,8:35,0.1364,RAS,,,ml17_280a_00880103,RAS
ml17_280a_0088_part104.wav,104,520,8:40,0.1014,RAS,,,ml17_280a_00880104,RAS
ml17_280a_0088_part105.wav,105,525,8:45,0.1262,RAS,,,ml17_280a_00880105,RAS
ml17_280a_0088_part106.wav,106,530,8:50,0.1311,RAS,,,ml17_280a_00880106,RAS
ml17_280a_0088_part107.wav,107,535,8:55,0.123,RAS,,,ml17_280a_00880107,RAS
ml17_280a_0088_part108.wav,108,540,9:00,0.1011,RAS,,,ml17_280a_00880108,RAS
ml17_280a_0088_part109.wav,109,545,9:05,0.1253,RAS,,,ml17_280a_00880109,RAS
ml17_280a_0088_part110.wav,110,550,9:10,0.0826,RAS,,,ml17_280a_00880110,RAS
ml17_280a_0088_part111.wav,111,555,9:15,0.1786,RAS,,,ml17_280a_00880111,RAS
ml17_280a_0088_part112.wav,112,560,9:20,0.1025,RAS,,,ml17_280a_00880112,RAS
ml17_280a_0088_part113.wav,113,565,9:25,0.1239,RAS,,,ml17_280a_00880113,RAS
ml17_280a_0088_part114.wav,114,570,9:30,0.0944,RAS,,,ml17_280a_00880114,RAS
ml17_280a_0088_part115.wav,115,575,9:35,0.0901,RAS,,,ml17_280a_00880115,RAS
ml17_280a_0088_part116.wav,116,580,9:40,0.1235,RAS,,,ml17_280a_00880116,ANOMALIE
ml17_280a_0088_part117.wav,117,585,9:45,0.0826,RAS,,,ml17_280a_00880117,RAS
ml17_280a_0088_part118.wav,118,590,9:50,0.1424,RAS,,,ml17_280a_00880118,RAS
ml17_280a_0088_part119.wav,119,595,9:55,0.127,RAS,,,ml17_280a_00880119,RAS
ml17_280a_0088_part120.wav,120,600,10:00,0.1516,RAS,,,ml17_280a_00880120,RAS
ml17_280a_0088_part121.wav,121,605,10:05,0.1655,RAS,,,ml17_280a_00880121,RAS
ml17_280a_0088_part122.wav,122,610,10:10,0.1459,RAS,,,ml17_280a_00880122,RAS
ml17_280a_0088_part123.wav,123,615,10:15,0.1267,RAS,,,ml17_280a_00880123,RAS
ml17_280a_0088_part124.wav,124,620,10:20,0.1155,RAS,,,ml17_280a_00880124,RAS
ml17_280a_0088_part125.wav,125,625,10:25,0.0982,RAS,,,ml17_280a_00880125,RAS
ml17_280a_0088_part126.wav,126,630,10:30,0.1389,RAS,,,ml17_280a_00880126,RAS
ml17_280a_0088_part127.wav,127,635,10:35,0.1456,RAS,,,ml17_280a_00880127,RAS
ml17_280a_0088_part128.wav,128,640,10:40,0.1925,RAS,,,ml17_280a_00880128,RAS
ml17_280a_0088_part129.wav,129,645,10:45,0.1159,RAS,,,ml17_280a_00880129,RAS
ml17_280a_0088_part130.wav,130,650,10:50,0.119,RAS,,,ml17_280a_00880130,RAS
ml17_280a_0088_part131.wav,131,655,10:55,0.1027,RAS,,,ml17_280a_00880131,RAS
ml17_280a_0088_part132.wav,132,660,11:00,0.1253,RAS,,,ml17_280a_00880132,RAS
ml17_280a_0088_part133.wav,133,665,11:05,0.0861,RAS,,,ml17_280a_00880133,RAS
ml17_280a_0088_part134.wav,134,670,11:10,0.1516,RAS,,,ml17_280a_00880134,RAS
ml17_280a_0088_part135.wav,135,675,11:15,0.1202,RAS,,,ml17_280a_00880135,RAS
ml17_280a_0088_part136.wav,136,680,11:20,0.1046,RAS,,,ml17_280a_00880136,RAS
ml17_280a_0088_part137.wav,137,685,11:25,0.1693,RAS,,,ml17_280a_00880137,RAS
ml17_280a_0088_part138.wav,138,690,11:30,0.1469,RAS,,,ml17_280a_00880138,RAS
ml17_280a_0088_part139.wav,139,695,11:35,0.1514,RAS,,,ml17_280a_00880139,RAS
ml17_280a_0088_part140.wav,140,700,11:40,0.096,RAS,,,ml17_280a_00880140,RAS
ml17_280a_0088_part141.wav,141,705,11:45,0.124,RAS,,,ml17_280a_00880141,RAS
ml17_280a_0088_part142.wav,142,710,11:50,0.1941,RAS,,,ml17_280a_00880142,RAS
ml17_280a_0088_part143.wav,143,715,11:55,0.1174,RAS,,,ml17_280a_00880143,RAS
ml17_280a_0088_part144.wav,144,720,12:00,0.1106,RAS,,,ml17_280a_00880144,RAS
ml17_280a_0088_part145.wav,145,725,12:05,0.1217,RAS,,,ml17_280a_00880145,RAS
ml17_280a_0088_part146.wav,146,730,12:10,0.0898,RAS,,,ml17_280a_00880146,RAS
ml17_280a_0088_part147.wav,147,735,12:15,0.1331,RAS,,,ml17_280a_00880147,RAS
ml17_280a_0088_part148.wav,148,740,12:20,0.1308,RAS,,,ml17_280a_00880148,RAS
ml17_280a_0088_part149.wav,149,745,12:25,0.0988,RAS,,,ml17_280a_00880149,RAS
ml17_280a_0088_part150.wav,150,750,12:30,0.1098,RAS,,,ml17_280a_00880150,RAS
ml17_280a_0088_part151.wav,151,755,12:35,0.2246,RAS,,,ml17_280a_00880151,RAS
ml17_280a_0088_part152.wav,152,760,12:40,0.1512,RAS,,,ml17_280a_00880152,RAS
ml17_280a_0088_part153.wav,153,765,12:45,0.1717,RAS,,,ml17_280a_00880153,RAS
ml17_280a_0088_part154.wav,154,770,12:50,0.0857,RAS,,,ml17_280a_00880154,RAS
ml17_280a_0088_part155.wav,155,775,12:55,0.132,RAS,,,ml17_280a_00880155,RAS
ml17_280a_0088_part156.wav,156,780,13:00,0.107,RAS,,,ml17_280a_00880156,RAS
ml17_280a_0088_part157.wav,157,785,13:05,0.0974,RAS,,,ml17_280a_00880157,RAS
ml17_280a_0088_part158.wav,158,790,13:10,0.208,RAS,,,ml17_280a_00880158,ANOMALIE
ml17_280a_0088_part159.wav,159,795,13:15,0.1206,RAS,,,ml17_280a_00880159,RAS
ml17_280a_0088_part160.wav,160,800,13:20,0.122,RAS,,,ml17_280a_00880160,RAS
ml17_280a_0088_part161.wav,161,805,13:25,0.1777,RAS,,,ml17_280a_00880161,RAS
ml17_280a_0088_part162.wav,162,810,13:30,0.0987,RAS,,,ml17_280a_00880162,RAS
ml17_280a_0088_part163.wav,163,815,13:35,0.1183,RAS,,,ml17_280a_00880163,RAS
ml17_280a_0088_part164.wav,164,820,13:40,0.1312,RAS,,,ml17_280a_00880164,RAS
ml17_280a_0088_part165.wav,165,825,13:45,0.1925,RAS,,,ml17_280a_00880165,RAS
ml17_280a_0088_part166.wav,166,830,13:50,0.1395,RAS,,,ml17_280a_00880166,RAS
ml17_280a_0144_part0.wav,0,0,0:00,0.1624,RAS,,,ml17_280a_01440000,RAS
ml17_280a_0144_part1.wav,1,5,0:05,0.2631,ANOMALIE,,,ml17_280a_01440001,ANOMALIE
ml17_280a_0144_part2.wav,2,10,0:10,0.156,RAS,,,ml17_280a_01440002,RAS
ml17_280a_0144_part3.wav,3,15,0:15,0.1146,RAS,,,ml17_280a_01440003,RAS
ml17_280a_0144_part4.wav,4,20,0:20,0.1729,RAS,,,ml17_280a_01440004,DOUTE
ml17_280a_0144_part5.wav,5,25,0:25,0.124,RAS,,,ml17_280a_01440005,RAS
ml17_280a_0144_part6.wav,6,30,0:30,0.2146,RAS,,,ml17_280a_01440006,DOUTE
ml17_280a_0144_part7.wav,7,35,0:35,0.1293,RAS,,,ml17_280a_01440007,RAS
ml17_280a_0144_part8.wav,8,40,0:40,0.3088,ANOMALIE,,,ml17_280a_01440008,ANOMALIE
ml17_280a_0144_part9.wav,9,45,0:45,0.1788,RAS,,,ml17_280a_01440009,ANOMALIE
ml17_280a_0144_part10.wav,10,50,0:50,0.1892,RAS,,,ml17_280a_01440010,DOUTE
ml17_280a_0144_part11.wav,11,55,0:55,0.2835,ANOMALIE,,,ml17_280a_01440011,ANOMALIE
ml17_280a_0144_part12.wav,12,60,1:00,0.1862,RAS,,,ml17_280a_01440012,DOUTE
ml17_280a_0144_part13.wav,13,65,1:05,0.1514,RAS,,,ml17_280a_01440013,DOUTE
ml17_280a_0144_part14.wav,14,70,1:10,0.1933,RAS,,,ml17_280a_01440014,ANOMALIE
ml17_280a_0144_part15.wav,15,75,1:15,0.3441,ANOMALIE,,,ml17_280a_01440015,ANOMALIE
ml17_280a_0144_part16.wav,16,80,1:20,0.1564,RAS,,,ml17_280a_01440016,RAS
ml17_280a_0144_part17.wav,17,85,1:25,0.2999,ANOMALIE,,,ml17_280a_01440017,ANOMALIE
ml17_280a_0144_part18.wav,18,90,1:30,0.1592,RAS,,,ml17_280a_01440018,RAS
ml17_280a_0144_part19.wav,19,95,1:35,0.1365,RAS,,,ml17_280a_01440019,RAS
ml17_280a_0144_part20.wav,20,100,1:40,0.1486,RAS,,,ml17_280a_01440020,RAS
ml17_280a_0144_part21.wav,21,105,1:45,0.1385,RAS,,,ml17_280a_01440021,RAS
ml17_280a_0144_part22.wav,22,110,1:50,0.1719,RAS,,,ml17_280a_01440022,RAS
ml17_280a_0144_part23.wav,23,115,1:55,0.1042,RAS,,,ml17_280a_01440023,RAS
ml17_280a_0144_part24.wav,24,120,2:00,0.1839,RAS,,,ml17_280a_01440024,DOUTE
ml17_280a_0144_part25.wav,25,125,2:05,0.1316,RAS,,,ml17_280a_01440025,RAS
ml17_280a_0144_part26.wav,26,130,2:10,0.1492,RAS,,,ml17_280a_01440026,RAS
ml17_280a_0144_part27.wav,27,135,2:15,0.2995,ANOMALIE,,,ml17_280a_01440027,ANOMALIE
ml17_280a_0144_part28.wav,28,140,2:20,0.1232,RAS,,,ml17_280a_01440028,RAS
ml17_280a_0144_part29.wav,29,145,2:25,0.1763,RAS,,,ml17_280a_01440029,ANOMALIE
ml17_280a_0144_part30.wav,30,150,2:30,0.1438,RAS,,,ml17_280a_01440030,ANOMALIE
ml17_280a_0144_part31.wav,31,155,2:35,0.1796,RAS,,,ml17_280a_01440031,DOUTE
ml17_280a_0144_part32.wav,32,160,2:40,0.2323,RAS,,,ml17_280a_01440032,RAS
ml17_280a_0144_part33.wav,33,165,2:45,0.1791,RAS,,,ml17_280a_01440033,ANOMALIE
ml17_280a_0144_part34.wav,34,170,2:50,0.1333,RAS,,,ml17_280a_01440034,RAS
ml17_280a_0144_part35.wav,35,175,2:55,0.2547,ANOMALIE,,,ml17_280a_01440035,ANOMALIE
ml17_280a_0144_part36.wav,36,180,3:00,0.1529,RAS,,,ml17_280a_01440036,ANOMALIE
ml17_280a_0144_part37.wav,37,185,3:05,0.2676,ANOMALIE,,,ml17_280a_01440037,ANOMALIE
ml17_280a_0144_part38.wav,38,190,3:10,0.1181,RAS,,,ml17_280a_01440038,DOUTE
ml17_280a_0144_part39.wav,39,195,3:15,0.165,RAS,,,ml17_280a_01440039,RAS
ml17_280a_0144_part40.wav,40,200,3:20,0.1456,RAS,,,ml17_280a_01440040,ANOMALIE
ml17_280a_0144_part41.wav,41,205,3:25,0.1313,RAS,,,ml17_280a_01440041,RAS
ml17_280a_0144_part42.wav,42,210,3:30,0.1188,RAS,,,ml17_280a_01440042,ANOMALIE
ml17_280a_0144_part43.wav,43,215,3:35,0.2137,RAS,,,ml17_280a_01440043,RAS
ml17_280a_0144_part44.wav,44,220,3:40,0.2359,RAS,,,ml17_280a_01440044,ANOMALIE
ml17_280a_0144_part45.wav,45,225,3:45,0.111,RAS,,,ml17_280a_01440045,RAS
ml17_280a_0144_part46.wav,46,230,3:50,0.1401,RAS,,,ml17_280a_01440046,ANOMALIE
ml17_280a_0144_part47.wav,47,235,3:55,0.121,RAS,,,ml17_280a_01440047,RAS
ml17_280a_0144_part48.wav,48,240,4:00,0.3428,ANOMALIE,,,ml17_280a_01440048,ANOMALIE
ml17_280a_0144_part49.wav,49,245,4:05,0.0957,RAS,,,ml17_280a_01440049,DOUTE
ml17_280a_0144_part50.wav,50,250,4:10,0.4039,ANOMALIE,,,ml17_280a_01440050,ANOMALIE
ml17_280a_0144_part51.wav,51,255,4:15,0.1094,RAS,,,ml17_280a_01440051,ANOMALIE
ml17_280a_0144_part52.wav,52,260,4:20,0.4089,ANOMALIE,,,ml17_280a_01440052,ANOMALIE
ml17_280a_0144_part53.wav,53,265,4:25,0.2491,RAS,,,ml17_280a_01440053,RAS
ml17_280a_0144_part54.wav,54,270,4:30,0.4837,ANOMALIE,,,ml17_280a_01440054,ANOMALIE
ml17_280a_0144_part55.wav,55,275,4:35,0.2152,RAS,,,ml17_280a_01440055,ANOMALIE
ml17_280a_0144_part56.wav,56,280,4:40,0.1737,RAS,,,ml17_280a_01440056,ANOMALIE
ml17_280a_0144_part57.wav,57,285,4:45,0.12,RAS,,,ml17_280a_01440057,RAS
ml17_280a_0144_part58.wav,58,290,4:50,0.1234,RAS,,,ml17_280a_01440058,A_VALIDER
ml17_280a_0144_part59.wav,59,295,4:55,0.0968,RAS,,,ml17_280a_01440059,A_VALIDER
ml17_280a_0144_part60.wav,60,300,5:00,0.1421,RAS,,,ml17_280a_01440060,A_VALIDER
ml17_280a_0144_part61.wav,61,305,5:05,0.1096,RAS,,,ml17_280a_01440061,A_VALIDER
ml17_280a_0144_part62.wav,62,310,5:10,0.1461,RAS,,,ml17_280a_01440062,A_VALIDER
ml17_280a_0144_part63.wav,63,315,5:15,0.1416,RAS,,,ml17_280a_01440063,A_VALIDER
ml17_280a_0144_part64.wav,64,320,5:20,0.1482,RAS,,,ml17_280a_01440064,A_VALIDER
ml17_280a_0144_part65.wav,65,325,5:25,0.1124,RAS,,,ml17_280a_01440065,A_VALIDER
ml17_280a_0144_part66.wav,66,330,5:30,0.1496,RAS,,,ml17_280a_01440066,A_VALIDER
ml17_280a_0144_part67.wav,67,335,5:35,0.2524,ANOMALIE,,,ml17_280a_01440067,A_VALIDER
ml17_280a_0144_part68.wav,68,340,5:40,0.1342,RAS,,,ml17_280a_01440068,A_VALIDER
ml17_280a_0144_part69.wav,69,345,5:45,0.2666,ANOMALIE,,,ml17_280a_01440069,A_VALIDER
ml17_280a_0144_part70.wav,70,350,5:50,0.1184,RAS,,,ml17_280a_01440070,A_VALIDER
ml17_280a_0144_part71.wav,71,355,5:55,0.1506,RAS,,,ml17_280a_01440071,A_VALIDER
ml17_280a_0144_part72.wav,72,360,6:00,0.1343,RAS,,,ml17_280a_01440072,A_VALIDER
ml17_280a_0144_part73.wav,73,365,6:05,0.1682,RAS,,,ml17_280a_01440073,A_VALIDER
ml17_280a_0144_part74.wav,74,370,6:10,0.1571,RAS,,,ml17_280a_01440074,A_VALIDER
ml17_280a_0144_part75.wav,75,375,6:15,0.202,RAS,,,ml17_280a_01440075,A_VALIDER
ml17_280a_0144_part76.wav,76,380,6:20,0.1687,RAS,,,ml17_280a_01440076,A_VALIDER
ml17_280a_0144_part77.wav,77,385,6:25,0.2242,RAS,,,ml17_280a_01440077,A_VALIDER
ml17_280a_0144_part78.wav,78,390,6:30,0.161,RAS,,,ml17_280a_01440078,A_VALIDER
ml17_280a_0144_part79.wav,79,395,6:35,0.1856,RAS,,,ml17_280a_01440079,A_VALIDER
ml17_280a_0144_part80.wav,80,400,6:40,0.2051,RAS,,,ml17_280a_01440080,A_VALIDER
ml17_280a_0144_part81.wav,81,405,6:45,0.1404,RAS,,,ml17_280a_01440081,A_VALIDER
ml17_280a_0144_part82.wav,82,410,6:50,0.2697,ANOMALIE,,,ml17_280a_01440082,A_VALIDER
ml17_280a_0144_part83.wav,83,415,6:55,0.1302,RAS,,,ml17_280a_01440083,A_VALIDER
ml17_280a_0144_part84.wav,84,420,7:00,0.2028,RAS,,,ml17_280a_01440084,A_VALIDER
ml17_280a_0144_part85.wav,85,425,7:05,0.1399,RAS,,,ml17_280a_01440085,A_VALIDER
ml17_280a_0144_part86.wav,86,430,7:10,0.208,RAS,,,ml17_280a_01440086,A_VALIDER
ml17_280a_0144_part87.wav,87,435,7:15,0.1746,RAS,,,ml17_280a_01440087,A_VALIDER
ml17_280a_0144_part88.wav,88,440,7:20,0.2375,RAS,,,ml17_280a_01440088,A_VALIDER
ml17_280a_0144_part89.wav,89,445,7:25,0.1352,RAS,,,ml17_280a_01440089,A_VALIDER
ml17_280a_0144_part90.wav,90,450,7:30,0.2216,RAS,,,ml17_280a_01440090,A_VALIDER
ml17_280a_0144_part91.wav,91,455,7:35,0.1528,RAS,,,ml17_280a_01440091,A_VALIDER
ml17_280a_0144_part92.wav,92,460,7:40,0.215,RAS,,,ml17_280a_01440092,A_VALIDER
ml17_280a_0144_part93.wav,93,465,7:45,0.137,RAS,,,ml17_280a_01440093,A_VALIDER
ml17_280a_0144_part94.wav,94,470,7:50,0.2823,ANOMALIE,,,ml17_280a_01440094,A_VALIDER
ml17_280a_0144_part95.wav,95,475,7:55,0.1633,RAS,,,ml17_280a_01440095,A_VALIDER
ml17_280a_0144_part96.wav,96,480,8:00,0.4152,ANOMALIE,,,ml17_280a_01440096,A_VALIDER
ml17_280a_0144_part97.wav,97,485,8:05,0.2731,ANOMALIE,,,ml17_280a_01440097,A_VALIDER
ml17_280a_0144_part98.wav,98,490,8:10,0.2349,RAS,,,ml17_280a_01440098,A_VALIDER
ml17_280a_0144_part99.wav,99,495,8:15,0.2826,ANOMALIE,,,ml17_280a_01440099,A_VALIDER
ml17_280a_0144_part100.wav,100,500,8:20,0.2657,ANOMALIE,,,ml17_280a_01440100,A_VALIDER
ml17_280a_0144_part101.wav,101,505,8:25,0.2594,ANOMALIE,,,ml17_280a_01440101,A_VALIDER
ml17_280a_0144_part102.wav,102,510,8:30,0.3019,ANOMALIE,,,ml17_280a_01440102,A_VALIDER
ml17_280a_0144_part103.wav,103,515,8:35,0.2034,RAS,,,ml17_280a_01440103,A_VALIDER
ml17_280a_0144_part104.wav,104,520,8:40,0.16,RAS,,,ml17_280a_01440104,A_VALIDER
ml17_280a_0144_part105.wav,105,525,8:45,0.4036,ANOMALIE,,,ml17_280a_01440105,A_VALIDER
ml17_280a_0144_part106.wav,106,530,8:50,0.1958,RAS,,,ml17_280a_01440106,A_VALIDER
ml17_280a_0144_part107.wav,107,535,8:55,0.1696,RAS,,,ml17_280a_01440107,A_VALIDER
ml17_280a_0144_part108.wav,108,540,9:00,0.1812,RAS,,,ml17_280a_01440108,A_VALIDER
ml17_280a_0144_part109.wav,109,545,9:05,0.1347,RAS,,,ml17_280a_01440109,A_VALIDER
ml17_280a_0144_part110.wav,110,550,9:10,0.2029,RAS,,,ml17_280a_01440110,A_VALIDER
ml17_280a_0144_part111.wav,111,555,9:15,0.1311,RAS,,,ml17_280a_01440111,A_VALIDER
ml17_280a_0144_part112.wav,112,560,9:20,0.1785,RAS,,,ml17_280a_01440112,A_VALIDER
ml17_280a_0144_part113.wav,113,565,9:25,0.0903,RAS,,,ml17_280a_01440113,A_VALIDER
ml17_280a_0144_part114.wav,114,570,9:30,0.1904,RAS,,,ml17_280a_01440114,A_VALIDER
ml17_280a_0144_part115.wav,115,575,9:35,0.252,ANOMALIE,,,ml17_280a_01440115,A_VALIDER
ml17_280a_0144_part116.wav,116,580,9:40,0.2941,ANOMALIE,,,ml17_280a_01440116,A_VALIDER
ml17_280a_0144_part117.wav,117,585,9:45,0.1177,RAS,,,ml17_280a_01440117,A_VALIDER
ml17_280a_0144_part118.wav,118,590,9:50,0.1146,RAS,,,ml17_280a_01440118,A_VALIDER
ml17_280a_0144_part119.wav,119,595,9:55,0.2256,RAS,,,ml17_280a_01440119,A_VALIDER
ml17_280a_0144_part120.wav,120,600,10:00,0.1258,RAS,,,ml17_280a_01440120,A_VALIDER
ml17_280a_0144_part121.wav,121,605,10:05,0.145,RAS,,,ml17_280a_01440121,A_VALIDER
ml17_280a_0144_part122.wav,122,610,10:10,0.1805,RAS,,,ml17_280a_01440122,A_VALIDER
ml17_280a_0144_part123.wav,123,615,10:15,0.2161,RAS,,,ml17_280a_01440123,A_VALIDER
ml17_280a_0144_part124.wav,124,620,10:20,0.239,RAS,,,ml17_280a_01440124,A_VALIDER
ml17_280a_0144_part125.wav,125,625,10:25,0.12,RAS,,,ml17_280a_01440125,A_VALIDER
ml17_280a_0144_part126.wav,126,630,10:30,0.1282,RAS,,,ml17_280a_01440126,A_VALIDER
ml17_280a_0144_part127.wav,127,635,10:35,0.1876,RAS,,,ml17_280a_01440127,A_VALIDER
ml17_280a_0144_part128.wav,128,640,10:40,0.1526,RAS,,,ml17_280a_01440128,A_VALIDER
ml17_280a_0144_part129.wav,129,645,10:45,0.179,RAS,,,ml17_280a_01440129,A_VALIDER
ml17_280a_0144_part130.wav,130,650,10:50,0.2511,ANOMALIE,,,ml17_280a_01440130,A_VALIDER
ml17_280a_0144_part131.wav,131,655,10:55,0.175,RAS,,,ml17_280a_01440131,A_VALIDER
ml17_280a_0144_part132.wav,132,660,11:00,0.2154,RAS,,,ml17_280a_01440132,A_VALIDER
ml17_280a_0144_part133.wav,133,665,11:05,0.2137,RAS,,,ml17_280a_01440133,A_VALIDER
ml17_280a_0144_part134.wav,134,670,11:10,0.2576,ANOMALIE,,,ml17_280a_01440134,A_VALIDER
ml17_280a_0144_part135.wav,135,675,11:15,0.3197,ANOMALIE,,,ml17_280a_01440135,A_VALIDER
ml17_280a_0144_part136.wav,136,680,11:20,0.1879,RAS,,,ml17_280a_01440136,A_VALIDER
ml17_280a_0144_part137.wav,137,685,11:25,0.2351,RAS,,,ml17_280a_01440137,A_VALIDER
ml17_280a_0144_part138.wav,138,690,11:30,0.1499,RAS,,,ml17_280a_01440138,A_VALIDER
ml17_280a_0144_part139.wav,139,695,11:35,0.1728,RAS,,,ml17_280a_01440139,A_VALIDER
ml17_280a_0144_part140.wav,140,700,11:40,0.1013,RAS,,,ml17_280a_01440140,A_VALIDER
ml17_280a_0144_part141.wav,141,705,11:45,0.109,RAS,,,ml17_280a_01440141,A_VALIDER
ml17_280a_0144_part142.wav,142,710,11:50,0.3588,ANOMALIE,,,ml17_280a_01440142,A_VALIDER
ml17_280a_0144_part143.wav,143,715,11:55,0.1475,RAS,,,ml17_280a_01440143,A_VALIDER
ml17_280a_0144_part144.wav,144,720,12:00,0.2799,ANOMALIE,,,ml17_280a_01440144,A_VALIDER
ml17_280a_0144_part145.wav,145,725,12:05,0.1936,RAS,,,ml17_280a_01440145,A_VALIDER
ml17_280a_0144_part146.wav,146,730,12:10,0.1363,RAS,,,ml17_280a_01440146,A_VALIDER
ml17_280a_0144_part147.wav,147,735,12:15,0.122,RAS,,,ml17_280a_01440147,A_VALIDER
ml17_280a_0144_part148.wav,148,740,12:20,0.2207,RAS,,,ml17_280a_01440148,A_VALIDER
ml17_280a_0144_part149.wav,149,745,12:25,0.1575,RAS,,,ml17_280a_01440149,A_VALIDER
ml17_280a_0144_part150.wav,150,750,12:30,0.3343,ANOMALIE,,,ml17_280a_01440150,A_VALIDER
ml17_280a_0144_part151.wav,151,755,12:35,0.208,RAS,,,ml17_280a_01440151,A_VALIDER
ml17_280a_0144_part152.wav,152,760,12:40,0.3683,ANOMALIE,,,ml17_280a_01440152,A_VALIDER
ml17_280a_0144_part153.wav,153,765,12:45,0.2356,RAS,,,ml17_280a_01440153,A_VALIDER
ml17_280a_0144_part154.wav,154,770,12:50,0.1602,RAS,,,ml17_280a_01440154,A_VALIDER
ml17_280a_0144_part155.wav,155,775,12:55,0.3622,ANOMALIE,,,ml17_280a_01440155,A_VALIDER
ml17_280a_0144_part156.wav,156,780,13:00,0.1803,RAS,,,ml17_280a_01440156,A_VALIDER
ml17_280a_0144_part157.wav,157,785,13:05,0.3712,ANOMALIE,,,ml17_280a_01440157,A_VALIDER
ml17_280a_0144_part158.wav,158,790,13:10,0.1252,RAS,,,ml17_280a_01440158,A_VALIDER
ml17_280a_0144_part159.wav,159,795,13:15,0.1785,RAS,,,ml17_280a_01440159,A_VALIDER
ml17_280a_0144_part160.wav,160,800,13:20,0.3241,ANOMALIE,,,ml17_280a_01440160,A_VALIDER
ml17_280a_0144_part161.wav,161,805,13:25,0.246,RAS,,,ml17_280a_01440161,A_VALIDER
ml17_280a_0144_part162.wav,162,810,13:30,0.4615,ANOMALIE,,,ml17_280a_01440162,A_VALIDER
ml17_280a_0144_part163.wav,163,815,13:35,0.1521,RAS,,,ml17_280a_01440163,A_VALIDER
ml18_294b_0013_part0.wav,0,0,0:00,0.2115,RAS,,,ml18_294b_00130000,A_VALIDER
ml18_294b_0013_part1.wav,1,5,0:05,0.2401,RAS,,,ml18_294b_00130001,A_VALIDER
ml18_294b_0013_part2.wav,2,10,0:10,0.2178,RAS,,,ml18_294b_00130002,A_VALIDER
ml18_294b_0013_part3.wav,3,15,0:15,0.2017,RAS,,,ml18_294b_00130003,A_VALIDER
ml18_294b_0013_part4.wav,4,20,0:20,0.2,RAS,,,ml18_294b_00130004,A_VALIDER
ml18_294b_0013_part5.wav,5,25,0:25,0.2272,RAS,,,ml18_294b_00130005,A_VALIDER
ml18_294b_0013_part6.wav,6,30,0:30,0.1211,RAS,,,ml18_294b_00130006,A_VALIDER
ml18_294b_0013_part7.wav,7,35,0:35,0.1313,RAS,,,ml18_294b_00130007,A_VALIDER
ml18_294b_0013_part8.wav,8,40,0:40,0.0961,RAS,,,ml18_294b_00130008,A_VALIDER
ml18_294b_0013_part9.wav,9,45,0:45,0.1268,RAS,,,ml18_294b_00130009,A_VALIDER
ml18_294b_0013_part10.wav,10,50,0:50,0.1356,RAS,,,ml18_294b_00130010,A_VALIDER
ml18_294b_0013_part11.wav,11,55,0:55,0.1857,RAS,,,ml18_294b_00130011,A_VALIDER
ml18_294b_0013_part12.wav,12,60,1:00,0.1566,RAS,,,ml18_294b_00130012,A_VALIDER
ml18_294b_0013_part13.wav,13,65,1:05,0.12,RAS,,,ml18_294b_00130013,A_VALIDER
ml18_294b_0013_part14.wav,14,70,1:10,0.1596,RAS,,,ml18_294b_00130014,A_VALIDER
ml18_294b_0013_part15.wav,15,75,1:15,0.1465,RAS,,,ml18_294b_00130015,A_VALIDER
ml18_294b_0013_part16.wav,16,80,1:20,0.1351,RAS,,,ml18_294b_00130016,A_VALIDER
ml18_294b_0013_part17.wav,17,85,1:25,0.1596,RAS,,,ml18_294b_00130017,A_VALIDER
ml18_294b_0013_part18.wav,18,90,1:30,0.1321,RAS,,,ml18_294b_00130018,A_VALIDER
ml18_294b_0013_part19.wav,19,95,1:35,0.1514,RAS,,,ml18_294b_00130019,A_VALIDER
ml18_294b_0013_part20.wav,20,100,1:40,0.1265,RAS,,,ml18_294b_00130020,A_VALIDER
ml18_294b_0013_part21.wav,21,105,1:45,0.1683,RAS,,,ml18_294b_00130021,A_VALIDER
ml18_294b_0013_part22.wav,22,110,1:50,0.1408,RAS,,,ml18_294b_00130022,A_VALIDER
ml18_294b_0013_part23.wav,23,115,1:55,0.1685,RAS,,,ml18_294b_00130023,A_VALIDER
ml18_294b_0013_part24.wav,24,120,2:00,0.1235,RAS,,,ml18_294b_00130024,A_VALIDER
ml18_294b_0013_part25.wav,25,125,2:05,0.1349,RAS,,,ml18_294b_00130025,A_VALIDER
ml18_294b_0013_part26.wav,26,130,2:10,0.1543,RAS,,,ml18_294b_00130026,A_VALIDER
ml18_294b_0013_part27.wav,27,135,2:15,0.1728,RAS,,,ml18_294b_00130027,A_VALIDER
ml18_294b_0013_part28.wav,28,140,2:20,0.2262,RAS,,,ml18_294b_00130028,A_VALIDER
ml18_294b_0013_part29.wav,29,145,2:25,0.1584,RAS,,,ml18_294b_00130029,A_VALIDER
ml18_294b_0013_part30.wav,30,150,2:30,0.1153,RAS,,,ml18_294b_00130030,A_VALIDER
ml18_294b_0013_part31.wav,31,155,2:35,0.169,RAS,,,ml18_294b_00130031,A_VALIDER
ml18_294b_0013_part32.wav,32,160,2:40,0.2057,RAS,,,ml18_294b_00130032,A_VALIDER
ml18_294b_0013_part33.wav,33,165,2:45,0.1164,RAS,,,ml18_294b_00130033,A_VALIDER
ml18_294b_0013_part34.wav,34,170,2:50,0.1343,RAS,,,ml18_294b_00130034,A_VALIDER
ml18_294b_0013_part35.wav,35,175,2:55,0.1358,RAS,,,ml18_294b_00130035,A_VALIDER
ml18_294b_0013_part36.wav,36,180,3:00,0.1836,RAS,,,ml18_294b_00130036,A_VALIDER
ml18_294b_0013_part37.wav,37,185,3:05,0.1674,RAS,,,ml18_294b_00130037,A_VALIDER
ml18_294b_0013_part38.wav,38,190,3:10,0.1932,RAS,,,ml18_294b_00130038,A_VALIDER
ml18_294b_0013_part39.wav,39,195,3:15,0.1464,RAS,,,ml18_294b_00130039,A_VALIDER
ml18_294b_0013_part40.wav,40,200,3:20,0.2353,RAS,,,ml18_294b_00130040,A_VALIDER
ml18_294b_0013_part41.wav,41,205,3:25,0.1248,RAS,,,ml18_294b_00130041,A_VALIDER
ml18_294b_0013_part42.wav,42,210,3:30,0.141,RAS,,,ml18_294b_00130042,A_VALIDER
ml18_294b_0013_part43.wav,43,215,3:35,0.1943,RAS,,,ml18_294b_00130043,A_VALIDER
ml18_294b_0013_part44.wav,44,220,3:40,0.2192,RAS,,,ml18_294b_00130044,A_VALIDER
ml18_294b_0013_part45.wav,45,225,3:45,0.1554,RAS,,,ml18_294b_00130045,A_VALIDER
ml18_294b_0013_part46.wav,46,230,3:50,0.1344,RAS,,,ml18_294b_00130046,A_VALIDER
ml18_294b_0013_part47.wav,47,235,3:55,0.1991,RAS,,,ml18_294b_00130047,A_VALIDER
ml18_294b_0013_part48.wav,48,240,4:00,0.1466,RAS,,,ml18_294b_00130048,A_VALIDER
ml18_294b_0013_part49.wav,49,245,4:05,0.1861,RAS,,,ml18_294b_00130049,A_VALIDER
ml18_294b_0013_part50.wav,50,250,4:10,0.1377,RAS,,,ml18_294b_00130050,A_VALIDER
ml18_294b_0013_part51.wav,51,255,4:15,0.2578,ANOMALIE,,,ml18_294b_00130051,A_VALIDER
ml18_294b_0013_part52.wav,52,260,4:20,0.1796,RAS,,,ml18_294b_00130052,A_VALIDER
ml18_294b_0013_part53.wav,53,265,4:25,0.1585,RAS,,,ml18_294b_00130053,A_VALIDER
ml18_294b_0013_part54.wav,54,270,4:30,0.2151,RAS,,,ml18_294b_00130054,A_VALIDER
ml18_294b_0013_part55.wav,55,275,4:35,0.1358,RAS,,,ml18_294b_00130055,A_VALIDER
ml18_294b_0013_part56.wav,56,280,4:40,0.1233,RAS,,,ml18_294b_00130056,A_VALIDER
ml18_294b_0013_part57.wav,57,285,4:45,0.1309,RAS,,,ml18_294b_00130057,A_VALIDER
ml18_294b_0013_part58.wav,58,290,4:50,0.14,RAS,,,ml18_294b_00130058,A_VALIDER
ml18_294b_0013_part59.wav,59,295,4:55,0.1461,RAS,,,ml18_294b_00130059,A_VALIDER
ml18_294b_0013_part60.wav,60,300,5:00,0.1144,RAS,,,ml18_294b_00130060,A_VALIDER
ml18_294b_0013_part61.wav,61,305,5:05,0.1633,RAS,,,ml18_294b_00130061,A_VALIDER
ml18_294b_0013_part62.wav,62,310,5:10,0.1377,RAS,,,ml18_294b_00130062,A_VALIDER
ml18_294b_0013_part63.wav,63,315,5:15,0.2073,RAS,,,ml18_294b_00130063,A_VALIDER
ml18_294b_0013_part64.wav,64,320,5:20,0.1301,RAS,,,ml18_294b_00130064,A_VALIDER
ml18_294b_0013_part65.wav,65,325,5:25,0.1772,RAS,,,ml18_294b_00130065,A_VALIDER
ml18_294b_0013_part66.wav,66,330,5:30,0.1585,RAS,,,ml18_294b_00130066,A_VALIDER
ml18_294b_0013_part67.wav,67,335,5:35,0.1354,RAS,,,ml18_294b_00130067,A_VALIDER
ml18_294b_0013_part68.wav,68,340,5:40,0.1701,RAS,,,ml18_294b_00130068,A_VALIDER
ml18_294b_0013_part69.wav,69,345,5:45,0.133,RAS,,,ml18_294b_00130069,A_VALIDER
ml18_294b_0013_part70.wav,70,350,5:50,0.1512,RAS,,,ml18_294b_00130070,A_VALIDER
ml18_294b_0013_part71.wav,71,355,5:55,0.1431,RAS,,,ml18_294b_00130071,A_VALIDER
ml18_294b_0013_part72.wav,72,360,6:00,0.1159,RAS,,,ml18_294b_00130072,A_VALIDER
ml18_294b_0013_part73.wav,73,365,6:05,0.2354,RAS,,,ml18_294b_00130073,A_VALIDER
ml18_294b_0013_part74.wav,74,370,6:10,0.141,RAS,,,ml18_294b_00130074,A_VALIDER
ml18_294b_0013_part75.wav,75,375,6:15,0.2017,RAS,,,ml18_294b_00130075,A_VALIDER
ml18_294b_0013_part76.wav,76,380,6:20,0.2462,RAS,,,ml18_294b_00130076,A_VALIDER
ml18_294b_0013_part77.wav,77,385,6:25,0.2141,RAS,,,ml18_294b_00130077,A_VALIDER
ml18_294b_0013_part78.wav,78,390,6:30,0.2403,RAS,,,ml18_294b_00130078,A_VALIDER
ml18_294b_0013_part79.wav,79,395,6:35,0.1083,RAS,,,ml18_294b_00130079,A_VALIDER
ml18_294b_0013_part80.wav,80,400,6:40,0.1844,RAS,,,ml18_294b_00130080,A_VALIDER
ml18_294b_0013_part81.wav,81,405,6:45,0.1925,RAS,,,ml18_294b_00130081,A_VALIDER
ml18_294b_0013_part82.wav,82,410,6:50,0.1923,RAS,,,ml18_294b_00130082,A_VALIDER
ml18_294b_0013_part83.wav,83,415,6:55,0.1142,RAS,,,ml18_294b_00130083,A_VALIDER
ml18_294b_0013_part84.wav,84,420,7:00,0.3548,ANOMALIE,,,ml18_294b_00130084,A_VALIDER
ml18_294b_0013_part85.wav,85,425,7:05,0.2201,RAS,,,ml18_294b_00130085,A_VALIDER
ml18_294b_0013_part86.wav,86,430,7:10,0.1423,RAS,,,ml18_294b_00130086,A_VALIDER
ml18_294b_0013_part87.wav,87,435,7:15,0.1217,RAS,,,ml18_294b_00130087,A_VALIDER
ml18_294b_0013_part88.wav,88,440,7:20,0.1074,RAS,,,ml18_294b_00130088,A_VALIDER
ml18_294b_0013_part89.wav,89,445,7:25,0.1659,RAS,,,ml18_294b_00130089,A_VALIDER
ml18_294b_0013_part90.wav,90,450,7:30,0.1475,RAS,,,ml18_294b_00130090,A_VALIDER
ml18_294b_0013_part91.wav,91,455,7:35,0.2355,RAS,,,ml18_294b_00130091,A_VALIDER
ml18_294b_0013_part92.wav,92,460,7:40,0.1964,RAS,,,ml18_294b_00130092,A_VALIDER
ml18_294b_0013_part93.wav,93,465,7:45,0.1617,RAS,,,ml18_294b_00130093,A_VALIDER
ml18_294b_0013_part94.wav,94,470,7:50,0.1042,RAS,,,ml18_294b_00130094,A_VALIDER
ml18_294b_0013_part95.wav,95,475,7:55,0.1301,RAS,,,ml18_294b_00130095,A_VALIDER
ml18_294b_0013_part96.wav,96,480,8:00,0.1654,RAS,,,ml18_294b_00130096,A_VALIDER
ml18_294b_0042_part0.wav,0,0,0:00,0.1687,RAS,,,ml18_294b_00420000,A_VALIDER
ml18_294b_0042_part1.wav,1,5,0:05,0.1233,RAS,,,ml18_294b_00420001,A_VALIDER
ml18_294b_0042_part2.wav,2,10,0:10,0.1425,RAS,,,ml18_294b_00420002,A_VALIDER
ml18_294b_0042_part3.wav,3,15,0:15,0.1198,RAS,,,ml18_294b_00420003,A_VALIDER
ml18_294b_0042_part4.wav,4,20,0:20,0.2202,RAS,,,ml18_294b_00420004,A_VALIDER
ml18_294b_0042_part5.wav,5,25,0:25,0.1251,RAS,,,ml18_294b_00420005,A_VALIDER
ml18_294b_0042_part6.wav,6,30,0:30,0.1282,RAS,,,ml18_294b_00420006,A_VALIDER
ml18_294b_0042_part7.wav,7,35,0:35,0.1275,RAS,,,ml18_294b_00420007,A_VALIDER
ml18_294b_0042_part8.wav,8,40,0:40,0.2725,ANOMALIE,,,ml18_294b_00420008,A_VALIDER
ml18_294b_0042_part9.wav,9,45,0:45,0.1311,RAS,,,ml18_294b_00420009,A_VALIDER
ml18_294b_0042_part10.wav,10,50,0:50,0.1529,RAS,,,ml18_294b_00420010,A_VALIDER
ml18_294b_0042_part11.wav,11,55,0:55,0.1191,RAS,,,ml18_294b_00420011,A_VALIDER
ml18_294b_0042_part12.wav,12,60,1:00,0.1134,RAS,,,ml18_294b_00420012,A_VALIDER
ml18_294b_0042_part13.wav,13,65,1:05,0.143,RAS,,,ml18_294b_00420013,A_VALIDER
ml18_294b_0042_part14.wav,14,70,1:10,0.1565,RAS,,,ml18_294b_00420014,A_VALIDER
ml18_294b_0042_part15.wav,15,75,1:15,0.1832,RAS,,,ml18_294b_00420015,A_VALIDER
ml18_294b_0042_part16.wav,16,80,1:20,0.1505,RAS,,,ml18_294b_00420016,A_VALIDER
ml18_294b_0042_part17.wav,17,85,1:25,0.1108,RAS,,,ml18_294b_00420017,A_VALIDER
ml18_294b_0042_part18.wav,18,90,1:30,0.1538,RAS,,,ml18_294b_00420018,A_VALIDER
ml18_294b_0042_part19.wav,19,95,1:35,0.1181,RAS,,,ml18_294b_00420019,A_VALIDER
ml18_294b_0042_part20.wav,20,100,1:40,0.127,RAS,,,ml18_294b_00420020,A_VALIDER
ml18_294b_0042_part21.wav,21,105,1:45,0.1684,RAS,,,ml18_294b_00420021,A_VALIDER
ml18_294b_0042_part22.wav,22,110,1:50,0.1018,RAS,,,ml18_294b_00420022,A_VALIDER
ml18_294b_0042_part23.wav,23,115,1:55,0.1072,RAS,,,ml18_294b_00420023,A_VALIDER
ml18_294b_0042_part24.wav,24,120,2:00,0.1481,RAS,,,ml18_294b_00420024,A_VALIDER
ml18_294b_0042_part25.wav,25,125,2:05,0.1203,RAS,,,ml18_294b_00420025,A_VALIDER
ml18_294b_0042_part26.wav,26,130,2:10,0.1633,RAS,,,ml18_294b_00420026,A_VALIDER
ml18_294b_0042_part27.wav,27,135,2:15,0.1524,RAS,,,ml18_294b_00420027,A_VALIDER
ml18_294b_0042_part28.wav,28,140,2:20,0.1483,RAS,,,ml18_294b_00420028,A_VALIDER
ml18_294b_0042_part29.wav,29,145,2:25,0.1318,RAS,,,ml18_294b_00420029,A_VALIDER
ml18_294b_0042_part30.wav,30,150,2:30,0.1269,RAS,,,ml18_294b_00420030,A_VALIDER
ml18_294b_0042_part31.wav,31,155,2:35,0.1204,RAS,,,ml18_294b_00420031,A_VALIDER
ml18_294b_0042_part32.wav,32,160,2:40,0.1237,RAS,,,ml18_294b_00420032,A_VALIDER
ml18_294b_0042_part33.wav,33,165,2:45,0.1102,RAS,,,ml18_294b_00420033,A_VALIDER
ml18_294b_0042_part34.wav,34,170,2:50,0.126,RAS,,,ml18_294b_00420034,A_VALIDER
ml18_294b_0042_part35.wav,35,175,2:55,0.1378,RAS,,,ml18_294b_00420035,A_VALIDER
ml18_294b_0042_part36.wav,36,180,3:00,0.2059,RAS,,,ml18_294b_00420036,A_VALIDER
ml18_294b_0042_part37.wav,37,185,3:05,0.0993,RAS,,,ml18_294b_00420037,A_VALIDER
ml18_294b_0042_part38.wav,38,190,3:10,0.1308,RAS,,,ml18_294b_00420038,A_VALIDER
ml18_294b_0042_part39.wav,39,195,3:15,0.1141,RAS,,,ml18_294b_00420039,A_VALIDER
ml18_294b_0042_part40.wav,40,200,3:20,0.1274,RAS,,,ml18_294b_00420040,A_VALIDER
ml18_294b_0042_part41.wav,41,205,3:25,0.1556,RAS,,,ml18_294b_00420041,A_VALIDER
ml18_294b_0042_part42.wav,42,210,3:30,0.1599,RAS,,,ml18_294b_00420042,A_VALIDER
ml18_294b_0042_part43.wav,43,215,3:35,0.1693,RAS,,,ml18_294b_00420043,A_VALIDER
ml18_294b_0042_part44.wav,44,220,3:40,0.1287,RAS,,,ml18_294b_00420044,A_VALIDER
ml18_294b_0042_part45.wav,45,225,3:45,0.1372,RAS,,,ml18_294b_00420045,A_VALIDER
ml18_294b_0042_part46.wav,46,230,3:50,0.1398,RAS,,,ml18_294b_00420046,A_VALIDER
ml18_294b_0042_part47.wav,47,235,3:55,0.1185,RAS,,,ml18_294b_00420047,A_VALIDER
ml18_294b_0042_part48.wav,48,240,4:00,0.1212,RAS,,,ml18_294b_00420048,A_VALIDER
ml18_294b_0042_part49.wav,49,245,4:05,0.1046,RAS,,,ml18_294b_00420049,A_VALIDER
ml18_294b_0042_part50.wav,50,250,4:10,0.1182,RAS,,,ml18_294b_00420050,A_VALIDER
ml18_294b_0042_part51.wav,51,255,4:15,0.161,RAS,,,ml18_294b_00420051,A_VALIDER
ml18_294b_0076_part0.wav,0,0,0:00,0.1529,RAS,,,ml18_294b_00760000,A_VALIDER
ml18_294b_0076_part1.wav,1,5,0:05,0.2285,RAS,,,ml18_294b_00760001,A_VALIDER
ml18_294b_0076_part2.wav,2,10,0:10,0.1086,RAS,,,ml18_294b_00760002,A_VALIDER
ml18_294b_0076_part3.wav,3,15,0:15,0.1509,RAS,,,ml18_294b_00760003,A_VALIDER
ml18_294b_0076_part4.wav,4,20,0:20,0.1605,RAS,,,ml18_294b_00760004,A_VALIDER
ml18_294b_0076_part5.wav,5,25,0:25,0.1348,RAS,,,ml18_294b_00760005,A_VALIDER
ml18_294b_0076_part6.wav,6,30,0:30,0.1481,RAS,,,ml18_294b_00760006,A_VALIDER
ml18_294b_0076_part7.wav,7,35,0:35,0.1351,RAS,,,ml18_294b_00760007,A_VALIDER
ml18_294b_0076_part8.wav,8,40,0:40,0.1285,RAS,,,ml18_294b_00760008,A_VALIDER
ml18_294b_0076_part9.wav,9,45,0:45,0.1453,RAS,,,ml18_294b_00760009,A_VALIDER
ml18_294b_0076_part10.wav,10,50,0:50,0.1224,RAS,,,ml18_294b_00760010,A_VALIDER
ml18_294b_0076_part11.wav,11,55,0:55,0.1592,RAS,,,ml18_294b_00760011,A_VALIDER
ml18_294b_0076_part12.wav,12,60,1:00,0.137,RAS,,,ml18_294b_00760012,A_VALIDER
ml18_294b_0076_part13.wav,13,65,1:05,0.1231,RAS,,,ml18_294b_00760013,A_VALIDER
ml18_294b_0076_part14.wav,14,70,1:10,0.1103,RAS,,,ml18_294b_00760014,A_VALIDER
ml18_294b_0076_part15.wav,15,75,1:15,0.1227,RAS,,,ml18_294b_00760015,A_VALIDER
ml18_294b_0076_part16.wav,16,80,1:20,0.1668,RAS,,,ml18_294b_00760016,A_VALIDER
ml18_294b_0076_part17.wav,17,85,1:25,0.2018,RAS,,,ml18_294b_00760017,A_VALIDER
ml18_294b_0076_part18.wav,18,90,1:30,0.1136,RAS,,,ml18_294b_00760018,A_VALIDER
ml18_294b_0076_part19.wav,19,95,1:35,0.1121,RAS,,,ml18_294b_00760019,A_VALIDER
ml18_294b_0076_part20.wav,20,100,1:40,0.219,RAS,,,ml18_294b_00760020,A_VALIDER
ml18_294b_0076_part21.wav,21,105,1:45,0.1413,RAS,,,ml18_294b_00760021,A_VALIDER
ml18_294b_0076_part22.wav,22,110,1:50,0.1421,RAS,,,ml18_294b_00760022,A_VALIDER
ml18_294b_0076_part23.wav,23,115,1:55,0.1939,RAS,,,ml18_294b_00760023,A_VALIDER
ml18_294b_0076_part24.wav,24,120,2:00,0.1262,RAS,,,ml18_294b_00760024,A_VALIDER
ml18_294b_0076_part25.wav,25,125,2:05,0.1714,RAS,,,ml18_294b_00760025,A_VALIDER
ml18_294b_0076_part26.wav,26,130,2:10,0.1285,RAS,,,ml18_294b_00760026,A_VALIDER
ml18_294b_0076_part27.wav,27,135,2:15,0.1319,RAS,,,ml18_294b_00760027,A_VALIDER
ml18_294b_0076_part28.wav,28,140,2:20,0.1717,RAS,,,ml18_294b_00760028,A_VALIDER
ml18_294b_0076_part29.wav,29,145,2:25,0.1196,RAS,,,ml18_294b_00760029,A_VALIDER
ml18_294b_0076_part30.wav,30,150,2:30,0.1106,RAS,,,ml18_294b_00760030,A_VALIDER
ml18_294b_0076_part31.wav,31,155,2:35,0.1253,RAS,,,ml18_294b_00760031,A_VALIDER
ml18_294b_0076_part32.wav,32,160,2:40,0.1705,RAS,,,ml18_294b_00760032,A_VALIDER
ml18_294b_0076_part33.wav,33,165,2:45,0.1189,RAS,,,ml18_294b_00760033,A_VALIDER
ml18_294b_0076_part34.wav,34,170,2:50,0.1541,RAS,,,ml18_294b_00760034,A_VALIDER
ml18_294b_0076_part35.wav,35,175,2:55,0.1169,RAS,,,ml18_294b_00760035,A_VALIDER
ml18_294b_0076_part36.wav,36,180,3:00,0.1521,RAS,,,ml18_294b_00760036,A_VALIDER
ml18_294b_0076_part37.wav,37,185,3:05,0.1186,RAS,,,ml18_294b_00760037,A_VALIDER
ml18_294b_0076_part38.wav,38,190,3:10,0.1139,RAS,,,ml18_294b_00760038,A_VALIDER
ml18_294b_0076_part39.wav,39,195,3:15,0.1357,RAS,,,ml18_294b_00760039,A_VALIDER
ml18_294b_0076_part40.wav,40,200,3:20,0.1397,RAS,,,ml18_294b_00760040,A_VALIDER
ml18_294b_0076_part41.wav,41,205,3:25,0.0916,RAS,,,ml18_294b_00760041,A_VALIDER
ml18_294b_0076_part42.wav,42,210,3:30,0.1305,RAS,,,ml18_294b_00760042,A_VALIDER
ml18_294b_0076_part43.wav,43,215,3:35,0.1622,RAS,,,ml18_294b_00760043,A_VALIDER
ml18_294b_0076_part44.wav,44,220,3:40,0.1257,RAS,,,ml18_294b_00760044,A_VALIDER
ml18_294b_0076_part45.wav,45,225,3:45,0.121,RAS,,,ml18_294b_00760045,A_VALIDER
ml18_294b_0076_part46.wav,46,230,3:50,0.1254,RAS,,,ml18_294b_00760046,A_VALIDER
ml18_294b_0076_part47.wav,47,235,3:55,0.1036,RAS,,,ml18_294b_00760047,A_VALIDER
ml18_294b_0076_part48.wav,48,240,4:00,0.1822,RAS,,,ml18_294b_00760048,A_VALIDER
ml18_294b_0076_part49.wav,49,245,4:05,0.131,RAS,,,ml18_294b_00760049,A_VALIDER
ml18_294b_0076_part50.wav,50,250,4:10,0.1312,RAS,,,ml18_294b_00760050,A_VALIDER
ml18_294b_0076_part51.wav,51,255,4:15,0.1357,RAS,,,ml18_294b_00760051,A_VALIDER
ml18_294b_0076_part52.wav,52,260,4:20,0.1138,RAS,,,ml18_294b_00760052,A_VALIDER
ml18_294b_0076_part53.wav,53,265,4:25,0.196,RAS,,,ml18_294b_00760053,A_VALIDER
ml18_294b_0076_part54.wav,54,270,4:30,0.1556,RAS,,,ml18_294b_00760054,A_VALIDER
ml18_294b_0076_part55.wav,55,275,4:35,0.1057,RAS,,,ml18_294b_00760055,A_VALIDER
ml18_294b_0076_part56.wav,56,280,4:40,0.1291,RAS,,,ml18_294b_00760056,A_VALIDER
ml18_294b_0076_part57.wav,57,285,4:45,0.1668,RAS,,,ml18_294b_00760057,A_VALIDER
ml18_294b_0076_part58.wav,58,290,4:50,0.1408,RAS,,,ml18_294b_00760058,A_VALIDER
ml18_294b_0076_part59.wav,59,295,4:55,0.1552,RAS,,,ml18_294b_00760059,A_VALIDER
ml18_294b_0076_part60.wav,60,300,5:00,0.1324,RAS,,,ml18_294b_00760060,A_VALIDER
ml18_294b_0076_part61.wav,61,305,5:05,0.1284,RAS,,,ml18_294b_00760061,A_VALIDER
ml18_294b_0076_part62.wav,62,310,5:10,0.1287,RAS,,,ml18_294b_00760062,A_VALIDER
ml18_294b_0076_part63.wav,63,315,5:15,0.167,RAS,,,ml18_294b_00760063,A_VALIDER
ml18_294b_0076_part64.wav,64,320,5:20,0.1679,RAS,,,ml18_294b_00760064,A_VALIDER
ml18_294b_0076_part65.wav,65,325,5:25,0.1173,RAS,,,ml18_294b_00760065,A_VALIDER
ml18_294b_0076_part66.wav,66,330,5:30,0.162,RAS,,,ml18_294b_00760066,A_VALIDER
ml18_294b_0076_part67.wav,67,335,5:35,0.1457,RAS,,,ml18_294b_00760067,A_VALIDER
ml18_294b_0076_part68.wav,68,340,5:40,0.123,RAS,,,ml18_294b_00760068,A_VALIDER
ml18_294b_0076_part69.wav,69,345,5:45,0.1928,RAS,,,ml18_294b_00760069,A_VALIDER
ml18_294b_0076_part70.wav,70,350,5:50,0.2035,RAS,,,ml18_294b_00760070,A_VALIDER
ml18_294b_0076_part71.wav,71,355,5:55,0.1197,RAS,,,ml18_294b_00760071,A_VALIDER
ml18_294b_0076_part72.wav,72,360,6:00,0.1114,RAS,,,ml18_294b_00760072,A_VALIDER
ml18_294b_0076_part73.wav,73,365,6:05,0.1614,RAS,,,ml18_294b_00760073,A_VALIDER
ml18_294b_0076_part74.wav,74,370,6:10,0.1418,RAS,,,ml18_294b_00760074,A_VALIDER
ml18_294b_0076_part75.wav,75,375,6:15,0.1109,RAS,,,ml18_294b_00760075,A_VALIDER
ml18_294b_0076_part76.wav,76,380,6:20,0.1205,RAS,,,ml18_294b_00760076,A_VALIDER
ml18_294b_0076_part77.wav,77,385,6:25,0.1377,RAS,,,ml18_294b_00760077,A_VALIDER
ml18_294b_0076_part78.wav,78,390,6:30,0.0962,RAS,,,ml18_294b_00760078,A_VALIDER
ml18_294b_0076_part79.wav,79,395,6:35,0.1203,RAS,,,ml18_294b_00760079,A_VALIDER
ml18_294b_0076_part80.wav,80,400,6:40,0.1536,RAS,,,ml18_294b_00760080,A_VALIDER
ml18_294b_0076_part81.wav,81,405,6:45,0.1501,RAS,,,ml18_294b_00760081,A_VALIDER
ml18_294b_0076_part82.wav,82,410,6:50,0.13,RAS,,,ml18_294b_00760082,A_VALIDER
ml18_294b_0076_part83.wav,83,415,6:55,0.1552,RAS,,,ml18_294b_00760083,A_VALIDER
ml18_294b_0076_part84.wav,84,420,7:00,0.3142,ANOMALIE,,,ml18_294b_00760084,A_VALIDER
ml18_294b_0076_part85.wav,85,425,7:05,0.1331,RAS,,,ml18_294b_00760085,A_VALIDER
ml18_296a_0007_part0.wav,0,0,0:00,0.1038,RAS,,,ml18_296a_00070000,A_VALIDER
ml18_296a_0007_part1.wav,1,5,0:05,0.1655,RAS,,,ml18_296a_00070001,A_VALIDER
ml18_296a_0007_part2.wav,2,10,0:10,0.2181,RAS,,,ml18_296a_00070002,A_VALIDER
ml18_296a_0007_part3.wav,3,15,0:15,0.162,RAS,,,ml18_296a_00070003,A_VALIDER
ml18_296a_0007_part4.wav,4,20,0:20,0.1945,RAS,,,ml18_296a_00070004,A_VALIDER
ml18_296a_0007_part5.wav,5,25,0:25,0.3745,ANOMALIE,,,ml18_296a_00070005,A_VALIDER
ml18_296a_0007_part6.wav,6,30,0:30,0.1536,RAS,,,ml18_296a_00070006,A_VALIDER
ml18_296a_0007_part7.wav,7,35,0:35,0.1726,RAS,,,ml18_296a_00070007,A_VALIDER
ml18_296a_0007_part8.wav,8,40,0:40,0.1164,RAS,,,ml18_296a_00070008,A_VALIDER
ml18_296a_0007_part9.wav,9,45,0:45,0.141,RAS,,,ml18_296a_00070009,A_VALIDER
ml18_296a_0007_part10.wav,10,50,0:50,0.1683,RAS,,,ml18_296a_00070010,A_VALIDER
ml18_296a_0007_part11.wav,11,55,0:55,0.2095,RAS,,,ml18_296a_00070011,A_VALIDER
ml18_296a_0007_part12.wav,12,60,1:00,0.1211,RAS,,,ml18_296a_00070012,A_VALIDER
ml18_296a_0007_part13.wav,13,65,1:05,0.1304,RAS,,,ml18_296a_00070013,A_VALIDER
ml18_296a_0007_part14.wav,14,70,1:10,0.1799,RAS,,,ml18_296a_00070014,A_VALIDER
ml18_296a_0007_part15.wav,15,75,1:15,0.1474,RAS,,,ml18_296a_00070015,A_VALIDER
ml18_296a_0007_part16.wav,16,80,1:20,0.1479,RAS,,,ml18_296a_00070016,A_VALIDER
ml18_296a_0007_part17.wav,17,85,1:25,0.1458,RAS,,,ml18_296a_00070017,A_VALIDER
ml18_296a_0007_part18.wav,18,90,1:30,0.1612,RAS,,,ml18_296a_00070018,A_VALIDER
ml18_296a_0007_part19.wav,19,95,1:35,0.1283,RAS,,,ml18_296a_00070019,A_VALIDER
ml18_296a_0007_part20.wav,20,100,1:40,0.1376,RAS,,,ml18_296a_00070020,A_VALIDER
ml18_296a_0007_part21.wav,21,105,1:45,0.13,RAS,,,ml18_296a_00070021,A_VALIDER
ml18_296a_0007_part22.wav,22,110,1:50,0.1905,RAS,,,ml18_296a_00070022,A_VALIDER
ml18_296a_0007_part23.wav,23,115,1:55,0.1026,RAS,,,ml18_296a_00070023,A_VALIDER
ml18_296a_0007_part24.wav,24,120,2:00,0.1682,RAS,,,ml18_296a_00070024,A_VALIDER
ml19_292a_0007_part0.wav,0,0,0:00,0.1004,RAS,,,ml19_292a_00070000,A_VALIDER
ml19_292a_0007_part1.wav,1,5,0:05,0.194,RAS,,,ml19_292a_00070001,A_VALIDER
ml19_292a_0007_part2.wav,2,10,0:10,0.2047,RAS,,,ml19_292a_00070002,A_VALIDER
ml19_292a_0007_part3.wav,3,15,0:15,0.1327,RAS,,,ml19_292a_00070003,A_VALIDER
ml19_292a_0007_part4.wav,4,20,0:20,0.1159,RAS,,,ml19_292a_00070004,A_VALIDER
ml19_292a_0007_part5.wav,5,25,0:25,0.1094,RAS,,,ml19_292a_00070005,A_VALIDER
ml19_292a_0007_part6.wav,6,30,0:30,0.1373,RAS,,,ml19_292a_00070006,A_VALIDER
ml19_292a_0007_part7.wav,7,35,0:35,0.2005,RAS,,,ml19_292a_00070007,A_VALIDER
ml19_292a_0007_part8.wav,8,40,0:40,0.1131,RAS,,,ml19_292a_00070008,A_VALIDER
ml19_292a_0007_part9.wav,9,45,0:45,0.1159,RAS,,,ml19_292a_00070009,A_VALIDER
ml19_292a_0007_part10.wav,10,50,0:50,0.137,RAS,,,ml19_292a_00070010,A_VALIDER
ml19_292a_0007_part11.wav,11,55,0:55,0.1218,RAS,,,ml19_292a_00070011,A_VALIDER
ml19_292a_0007_part12.wav,12,60,1:00,0.1491,RAS,,,ml19_292a_00070012,A_VALIDER
ml19_292a_0007_part13.wav,13,65,1:05,0.0821,RAS,,,ml19_292a_00070013,A_VALIDER
ml19_292a_0007_part14.wav,14,70,1:10,0.132,RAS,,,ml19_292a_00070014,A_VALIDER
ml19_292a_0007_part15.wav,15,75,1:15,0.1813,RAS,,,ml19_292a_00070015,A_VALIDER
ml19_292a_0007_part16.wav,16,80,1:20,0.1568,RAS,,,ml19_292a_00070016,A_VALIDER
ml19_292a_0007_part17.wav,17,85,1:25,0.153,RAS,,,ml19_292a_00070017,A_VALIDER
ml19_292a_0007_part18.wav,18,90,1:30,0.1271,RAS,,,ml19_292a_00070018,A_VALIDER
ml19_292a_0007_part19.wav,19,95,1:35,0.1639,RAS,,,ml19_292a_00070019,A_VALIDER
ml19_292a_0007_part20.wav,20,100,1:40,0.2,RAS,,,ml19_292a_00070020,A_VALIDER
ml19_292a_0007_part21.wav,21,105,1:45,0.234,RAS,,,ml19_292a_00070021,A_VALIDER
ml19_292a_0007_part22.wav,22,110,1:50,0.211,RAS,,,ml19_292a_00070022,A_VALIDER
ml19_292a_0007_part23.wav,23,115,1:55,0.1799,RAS,,,ml19_292a_00070023,A_VALIDER
ml19_292a_0007_part24.wav,24,120,2:00,0.1097,RAS,,,ml19_292a_00070024,A_VALIDER
ml19_292a_0007_part25.wav,25,125,2:05,0.1756,RAS,,,ml19_292a_00070025,A_VALIDER
ml19_292a_0007_part26.wav,26,130,2:10,0.1046,RAS,,,ml19_292a_00070026,A_VALIDER
ml19_292a_0007_part27.wav,27,135,2:15,0.1231,RAS,,,ml19_292a_00070027,A_VALIDER
ml19_292a_0007_part28.wav,28,140,2:20,0.1609,RAS,,,ml19_292a_00070028,A_VALIDER
ml19_292a_0007_part29.wav,29,145,2:25,0.1162,RAS,,,ml19_292a_00070029,A_VALIDER
ml19_292a_0007_part30.wav,30,150,2:30,0.1936,RAS,,,ml19_292a_00070030,A_VALIDER
ml19_292a_0007_part31.wav,31,155,2:35,0.0875,RAS,,,ml19_292a_00070031,A_VALIDER
ml19_292a_0007_part32.wav,32,160,2:40,0.1665,RAS,,,ml19_292a_00070032,A_VALIDER
ml19_292a_0007_part33.wav,33,165,2:45,0.1472,RAS,,,ml19_292a_00070033,A_VALIDER
ml19_292a_0007_part34.wav,34,170,2:50,0.1954,RAS,,,ml19_292a_00070034,A_VALIDER
ml19_292a_0007_part35.wav,35,175,2:55,0.146,RAS,,,ml19_292a_00070035,A_VALIDER
ml19_292a_0007_part36.wav,36,180,3:00,0.3043,ANOMALIE,,,ml19_292a_00070036,A_VALIDER
ml19_292a_0007_part37.wav,37,185,3:05,0.1776,RAS,,,ml19_292a_00070037,A_VALIDER
ml19_292a_0007_part38.wav,38,190,3:10,0.1987,RAS,,,ml19_292a_00070038,A_VALIDER
ml19_292a_0007_part39.wav,39,195,3:15,0.2862,ANOMALIE,,,ml19_292a_00070039,A_VALIDER
ml19_292a_0007_part40.wav,40,200,3:20,0.1093,RAS,,,ml19_292a_00070040,A_VALIDER
ml19_292a_0007_part41.wav,41,205,3:25,0.121,RAS,,,ml19_292a_00070041,A_VALIDER
ml19_292a_0030_part0.wav,0,0,0:00,0.1253,RAS,,,ml19_292a_00300000,A_VALIDER
ml19_292a_0030_part1.wav,1,5,0:05,0.1209,RAS,,,ml19_292a_00300001,A_VALIDER
ml19_292a_0030_part2.wav,2,10,0:10,0.156,RAS,,,ml19_292a_00300002,A_VALIDER
ml19_292a_0030_part3.wav,3,15,0:15,0.101,RAS,,,ml19_292a_00300003,A_VALIDER
ml19_292a_0030_part4.wav,4,20,0:20,0.2091,RAS,,,ml19_292a_00300004,A_VALIDER
ml19_292a_0030_part5.wav,5,25,0:25,0.1333,RAS,,,ml19_292a_00300005,A_VALIDER
ml19_292a_0030_part6.wav,6,30,0:30,0.1703,RAS,,,ml19_292a_00300006,A_VALIDER
ml19_292a_0030_part7.wav,7,35,0:35,0.1016,RAS,,,ml19_292a_00300007,A_VALIDER
ml19_292a_0030_part8.wav,8,40,0:40,0.0907,RAS,,,ml19_292a_00300008,A_VALIDER
ml19_292a_0030_part9.wav,9,45,0:45,0.1242,RAS,,,ml19_292a_00300009,A_VALIDER
ml19_292a_0030_part10.wav,10,50,0:50,0.0954,RAS,,,ml19_292a_00300010,A_VALIDER
ml19_292a_0030_part11.wav,11,55,0:55,0.1444,RAS,,,ml19_292a_00300011,A_VALIDER
ml19_292a_0030_part12.wav,12,60,1:00,0.1116,RAS,,,ml19_292a_00300012,A_VALIDER
ml19_292a_0030_part13.wav,13,65,1:05,0.1283,RAS,,,ml19_292a_00300013,A_VALIDER
ml19_292a_0030_part14.wav,14,70,1:10,0.1899,RAS,,,ml19_292a_00300014,A_VALIDER
ml19_292a_0030_part15.wav,15,75,1:15,0.0813,RAS,,,ml19_292a_00300015,A_VALIDER
ml19_292a_0030_part16.wav,16,80,1:20,0.1051,RAS,,,ml19_292a_00300016,A_VALIDER
ml19_292a_0030_part17.wav,17,85,1:25,0.1273,RAS,,,ml19_292a_00300017,A_VALIDER
ml19_292a_0030_part18.wav,18,90,1:30,0.1053,RAS,,,ml19_292a_00300018,A_VALIDER
ml19_292a_0030_part19.wav,19,95,1:35,0.0912,RAS,,,ml19_292a_00300019,A_VALIDER
ml19_292a_0030_part20.wav,20,100,1:40,0.1444,RAS,,,ml19_292a_00300020,A_VALIDER
ml19_292a_0030_part21.wav,21,105,1:45,0.1813,RAS,,,ml19_292a_00300021,A_VALIDER
ml19_292a_0030_part22.wav,22,110,1:50,0.151,RAS,,,ml19_292a_00300022,A_VALIDER
ml19_292a_0030_part23.wav,23,115,1:55,0.0729,RAS,,,ml19_292a_00300023,A_VALIDER
ml19_292a_0030_part24.wav,24,120,2:00,0.108,RAS,,,ml19_292a_00300024,A_VALIDER
ml19_292a_0030_part25.wav,25,125,2:05,0.1054,RAS,,,ml19_292a_00300025,A_VALIDER
ml19_292a_0030_part26.wav,26,130,2:10,0.1381,RAS,,,ml19_292a_00300026,A_VALIDER
ml19_292a_0030_part27.wav,27,135,2:15,0.1116,RAS,,,ml19_292a_00300027,A_VALIDER
ml19_292a_0030_part28.wav,28,140,2:20,0.1079,RAS,,,ml19_292a_00300028,A_VALIDER
ml19_292a_0030_part29.wav,29,145,2:25,0.0934,RAS,,,ml19_292a_00300029,A_VALIDER
ml19_292a_0030_part30.wav,30,150,2:30,0.1187,RAS,,,ml19_292a_00300030,A_VALIDER
ml19_292a_0030_part31.wav,31,155,2:35,0.1053,RAS,,,ml19_292a_00300031,A_VALIDER
ml19_292a_0030_part32.wav,32,160,2:40,0.1196,RAS,,,ml19_292a_00300032,A_VALIDER
ml19_292a_0030_part33.wav,33,165,2:45,0.1863,RAS,,,ml19_292a_00300033,A_VALIDER
ml19_292a_0030_part34.wav,34,170,2:50,0.1178,RAS,,,ml19_292a_00300034,A_VALIDER
ml19_292a_0030_part35.wav,35,175,2:55,0.1155,RAS,,,ml19_292a_00300035,A_VALIDER
ml19_292a_0030_part36.wav,36,180,3:00,0.1036,RAS,,,ml19_292a_00300036,A_VALIDER
ml19_292a_0030_part37.wav,37,185,3:05,0.2638,ANOMALIE,,,ml19_292a_00300037,A_VALIDER
ml19_292a_0030_part38.wav,38,190,3:10,0.0963,RAS,,,ml19_292a_00300038,A_VALIDER
ml19_292a_0030_part39.wav,39,195,3:15,0.1717,RAS,,,ml19_292a_00300039,A_VALIDER
ml19_292a_0030_part40.wav,40,200,3:20,0.1114,RAS,,,ml19_292a_00300040,A_VALIDER
ml19_292a_0030_part41.wav,41,205,3:25,0.1169,RAS,,,ml19_292a_00300041,A_VALIDER
ml19_292a_0030_part42.wav,42,210,3:30,0.0856,RAS,,,ml19_292a_00300042,A_VALIDER
ml19_292a_0030_part43.wav,43,215,3:35,0.1796,RAS,,,ml19_292a_00300043,A_VALIDER
ml19_292a_0030_part44.wav,44,220,3:40,0.1606,RAS,,,ml19_292a_00300044,A_VALIDER
ml19_292a_0030_part45.wav,45,225,3:45,0.1041,RAS,,,ml19_292a_00300045,A_VALIDER
ml19_292a_0030_part46.wav,46,230,3:50,0.3115,ANOMALIE,,,ml19_292a_00300046,A_VALIDER
ml19_292a_0030_part47.wav,47,235,3:55,0.1088,RAS,,,ml19_292a_00300047,A_VALIDER
ml19_292a_0030_part48.wav,48,240,4:00,0.101,RAS,,,ml19_292a_00300048,A_VALIDER
ml19_292a_0030_part49.wav,49,245,4:05,0.17,RAS,,,ml19_292a_00300049,A_VALIDER
ml19_292a_0030_part50.wav,50,250,4:10,0.1128,RAS,,,ml19_292a_00300050,A_VALIDER
ml19_292a_0030_part51.wav,51,255,4:15,0.1342,RAS,,,ml19_292a_00300051,A_VALIDER
ml19_292a_0030_part52.wav,52,260,4:20,0.2084,RAS,,,ml19_292a_00300052,A_VALIDER
ml19_292a_0030_part53.wav,53,265,4:25,0.0854,RAS,,,ml19_292a_00300053,A_VALIDER
ml19_292a_0030_part54.wav,54,270,4:30,0.1258,RAS,,,ml19_292a_00300054,A_VALIDER
ml19_292a_0030_part55.wav,55,275,4:35,0.1427,RAS,,,ml19_292a_00300055,A_VALIDER
ml19_292a_0030_part56.wav,56,280,4:40,0.0935,RAS,,,ml19_292a_00300056,A_VALIDER
ml19_292a_0030_part57.wav,57,285,4:45,0.1033,RAS,,,ml19_292a_00300057,A_VALIDER
ml19_292a_0030_part58.wav,58,290,4:50,0.1207,RAS,,,ml19_292a_00300058,A_VALIDER
ml19_292a_0030_part59.wav,59,295,4:55,0.1056,RAS,,,ml19_292a_00300059,A_VALIDER
ml19_292a_0030_part60.wav,60,300,5:00,0.124,RAS,,,ml19_292a_00300060,A_VALIDER
ml19_292a_0030_part61.wav,61,305,5:05,0.4573,ANOMALIE,,,ml19_292a_00300061,A_VALIDER
ml19_292a_0030_part62.wav,62,310,5:10,0.2026,RAS,,,ml19_292a_00300062,A_VALIDER
ml19_292a_0030_part63.wav,63,315,5:15,0.2325,RAS,,,ml19_292a_00300063,A_VALIDER
ml19_292a_0030_part64.wav,64,320,5:20,0.1216,RAS,,,ml19_292a_00300064,A_VALIDER
ml19_292a_0030_part65.wav,65,325,5:25,0.114,RAS,,,ml19_292a_00300065,A_VALIDER
ml19_292a_0030_part66.wav,66,330,5:30,0.0823,RAS,,,ml19_292a_00300066,A_VALIDER
ml19_292a_0030_part67.wav,67,335,5:35,0.1489,RAS,,,ml19_292a_00300067,A_VALIDER
ml19_292a_0030_part68.wav,68,340,5:40,0.3308,ANOMALIE,,,ml19_292a_00300068,A_VALIDER
ml19_292a_0030_part69.wav,69,345,5:45,0.1916,RAS,,,ml19_292a_00300069,A_VALIDER
ml19_292a_0030_part70.wav,70,350,5:50,0.1487,RAS,,,ml19_292a_00300070,A_VALIDER
ml19_292a_0030_part71.wav,71,355,5:55,0.1446,RAS,,,ml19_292a_00300071,A_VALIDER
ml19_292a_0030_part72.wav,72,360,6:00,0.2294,RAS,,,ml19_292a_00300072,A_VALIDER
ml19_292a_0030_part73.wav,73,365,6:05,0.4328,ANOMALIE,,,ml19_292a_00300073,A_VALIDER
ml19_292a_0030_part74.wav,74,370,6:10,0.1202,RAS,,,ml19_292a_00300074,A_VALIDER
ml19_292a_0030_part75.wav,75,375,6:15,0.2794,ANOMALIE,,,ml19_292a_00300075,A_VALIDER
ml19_292a_0030_part76.wav,76,380,6:20,0.2139,RAS,,,ml19_292a_00300076,A_VALIDER
ml19_292a_0030_part77.wav,77,385,6:25,0.128,RAS,,,ml19_292a_00300077,A_VALIDER
ml19_292a_0030_part78.wav,78,390,6:30,0.2713,ANOMALIE,,,ml19_292a_00300078,A_VALIDER
ml19_292a_0030_part79.wav,79,395,6:35,0.0983,RAS,,,ml19_292a_00300079,A_VALIDER
ml19_292a_0030_part80.wav,80,400,6:40,0.1171,RAS,,,ml19_292a_00300080,A_VALIDER
ml19_292a_0030_part81.wav,81,405,6:45,0.1578,RAS,,,ml19_292a_00300081,A_VALIDER
ml19_292a_0030_part82.wav,82,410,6:50,0.2659,ANOMALIE,,,ml19_292a_00300082,A_VALIDER
ml19_292a_0030_part83.wav,83,415,6:55,0.1506,RAS,,,ml19_292a_00300083,A_VALIDER
ml19_292a_0030_part84.wav,84,420,7:00,0.1259,RAS,,,ml19_292a_00300084,A_VALIDER
ml19_292a_0030_part85.wav,85,425,7:05,0.1587,RAS,,,ml19_292a_00300085,A_VALIDER
ml19_292a_0030_part86.wav,86,430,7:10,0.1445,RAS,,,ml19_292a_00300086,A_VALIDER
ml19_292a_0030_part87.wav,87,435,7:15,0.1522,RAS,,,ml19_292a_00300087,A_VALIDER
ml19_292a_0030_part88.wav,88,440,7:20,0.1085,RAS,,,ml19_292a_00300088,A_VALIDER
ml19_292a_0030_part89.wav,89,445,7:25,0.1039,RAS,,,ml19_292a_00300089,A_VALIDER
ml19_292a_0030_part90.wav,90,450,7:30,0.1578,RAS,,,ml19_292a_00300090,A_VALIDER
ml19_292a_0030_part91.wav,91,455,7:35,0.1861,RAS,,,ml19_292a_00300091,A_VALIDER
ml19_292a_0030_part92.wav,92,460,7:40,0.1367,RAS,,,ml19_292a_00300092,A_VALIDER
ml19_292b_0026_part0.wav,0,0,0:00,0.1387,RAS,,,ml19_292b_00260000,A_VALIDER
ml19_292b_0026_part1.wav,1,5,0:05,0.1464,RAS,,,ml19_292b_00260001,A_VALIDER
ml19_292b_0026_part2.wav,2,10,0:10,0.1587,RAS,,,ml19_292b_00260002,A_VALIDER
ml19_292b_0026_part3.wav,3,15,0:15,0.1218,RAS,,,ml19_292b_00260003,A_VALIDER
ml19_292b_0026_part4.wav,4,20,0:20,0.1983,RAS,,,ml19_292b_00260004,A_VALIDER
ml19_292b_0026_part5.wav,5,25,0:25,0.1373,RAS,,,ml19_292b_00260005,A_VALIDER
ml19_292b_0026_part6.wav,6,30,0:30,0.1131,RAS,,,ml19_292b_00260006,A_VALIDER
ml19_292b_0026_part7.wav,7,35,0:35,0.1317,RAS,,,ml19_292b_00260007,A_VALIDER
ml19_292b_0026_part8.wav,8,40,0:40,0.1695,RAS,,,ml19_292b_00260008,A_VALIDER
ml19_292b_0026_part9.wav,9,45,0:45,0.2079,RAS,,,ml19_292b_00260009,A_VALIDER
ml19_292b_0026_part10.wav,10,50,0:50,0.142,RAS,,,ml19_292b_00260010,A_VALIDER
ml19_292b_0026_part11.wav,11,55,0:55,0.2011,RAS,,,ml19_292b_00260011,A_VALIDER
ml19_292b_0026_part12.wav,12,60,1:00,0.1896,RAS,,,ml19_292b_00260012,A_VALIDER
ml19_292b_0026_part13.wav,13,65,1:05,0.1892,RAS,,,ml19_292b_00260013,A_VALIDER
ml19_292b_0026_part14.wav,14,70,1:10,0.1342,RAS,,,ml19_292b_00260014,A_VALIDER
ml19_292b_0026_part15.wav,15,75,1:15,0.1172,RAS,,,ml19_292b_00260015,A_VALIDER
ml19_292b_0026_part16.wav,16,80,1:20,0.123,RAS,,,ml19_292b_00260016,A_VALIDER
ml19_292b_0026_part17.wav,17,85,1:25,0.1161,RAS,,,ml19_292b_00260017,A_VALIDER
ml19_292b_0026_part18.wav,18,90,1:30,0.2003,RAS,,,ml19_292b_00260018,A_VALIDER
ml19_292b_0026_part19.wav,19,95,1:35,0.1601,RAS,,,ml19_292b_00260019,A_VALIDER
ml19_292b_0026_part20.wav,20,100,1:40,0.1342,RAS,,,ml19_292b_00260020,A_VALIDER
ml19_292b_0026_part21.wav,21,105,1:45,0.0978,RAS,,,ml19_292b_00260021,A_VALIDER
ml19_292b_0026_part22.wav,22,110,1:50,0.1187,RAS,,,ml19_292b_00260022,A_VALIDER
ml19_292b_0026_part23.wav,23,115,1:55,0.1228,RAS,,,ml19_292b_00260023,A_VALIDER
ml19_292b_0026_part24.wav,24,120,2:00,0.1209,RAS,,,ml19_292b_00260024,A_VALIDER
ml19_292b_0026_part25.wav,25,125,2:05,0.1157,RAS,,,ml19_292b_00260025,A_VALIDER
ml19_292b_0026_part26.wav,26,130,2:10,0.1235,RAS,,,ml19_292b_00260026,A_VALIDER
ml19_292b_0026_part27.wav,27,135,2:15,0.1091,RAS,,,ml19_292b_00260027,A_VALIDER
ml19_292b_0026_part28.wav,28,140,2:20,0.1072,RAS,,,ml19_292b_00260028,A_VALIDER
ml19_292b_0026_part29.wav,29,145,2:25,0.1792,RAS,,,ml19_292b_00260029,A_VALIDER
ml19_292b_0026_part30.wav,30,150,2:30,0.2235,RAS,,,ml19_292b_00260030,A_VALIDER
ml19_292b_0026_part31.wav,31,155,2:35,0.141,RAS,,,ml19_292b_00260031,A_VALIDER
ml19_292b_0026_part32.wav,32,160,2:40,0.1818,RAS,,,ml19_292b_00260032,A_VALIDER
ml19_292b_0026_part33.wav,33,165,2:45,0.1212,RAS,,,ml19_292b_00260033,A_VALIDER
ml19_292b_0026_part34.wav,34,170,2:50,0.1048,RAS,,,ml19_292b_00260034,A_VALIDER
ml19_292b_0026_part35.wav,35,175,2:55,0.1466,RAS,,,ml19_292b_00260035,A_VALIDER
ml19_292b_0026_part36.wav,36,180,3:00,0.1424,RAS,,,ml19_292b_00260036,A_VALIDER
ml19_292b_0026_part37.wav,37,185,3:05,0.1923,RAS,,,ml19_292b_00260037,A_VALIDER
ml19_292b_0026_part38.wav,38,190,3:10,0.1123,RAS,,,ml19_292b_00260038,A_VALIDER
ml19_292b_0026_part39.wav,39,195,3:15,0.1444,RAS,,,ml19_292b_00260039,A_VALIDER
ml19_292b_0026_part40.wav,40,200,3:20,0.1496,RAS,,,ml19_292b_00260040,A_VALIDER
ml19_292b_0026_part41.wav,41,205,3:25,0.1841,RAS,,,ml19_292b_00260041,A_VALIDER
ml19_292b_0026_part42.wav,42,210,3:30,0.2296,RAS,,,ml19_292b_00260042,A_VALIDER
ml19_292b_0026_part43.wav,43,215,3:35,0.1778,RAS,,,ml19_292b_00260043,A_VALIDER
ml19_292b_0026_part44.wav,44,220,3:40,0.1439,RAS,,,ml19_292b_00260044,A_VALIDER
ml19_292b_0026_part45.wav,45,225,3:45,0.2111,RAS,,,ml19_292b_00260045,A_VALIDER
ml19_292b_0026_part46.wav,46,230,3:50,0.3423,ANOMALIE,,,ml19_292b_00260046,A_VALIDER
ml19_292b_0026_part47.wav,47,235,3:55,0.167,RAS,,,ml19_292b_00260047,A_VALIDER
ml19_292b_0026_part48.wav,48,240,4:00,0.1637,RAS,,,ml19_292b_00260048,A_VALIDER
ml19_292b_0026_part49.wav,49,245,4:05,0.1249,RAS,,,ml19_292b_00260049,A_VALIDER
ml19_292b_0026_part50.wav,50,250,4:10,0.2774,ANOMALIE,,,ml19_292b_00260050,A_VALIDER
ml19_292b_0026_part51.wav,51,255,4:15,0.208,RAS,,,ml19_292b_00260051,A_VALIDER
ml19_292b_0026_part52.wav,52,260,4:20,0.2015,RAS,,,ml19_292b_00260052,A_VALIDER
ml19_292b_0026_part53.wav,53,265,4:25,0.1693,RAS,,,ml19_292b_00260053,A_VALIDER
ml19_292b_0026_part54.wav,54,270,4:30,0.1773,RAS,,,ml19_292b_00260054,A_VALIDER
ml19_292b_0026_part55.wav,55,275,4:35,0.2457,RAS,,,ml19_292b_00260055,A_VALIDER
ml19_292b_0026_part56.wav,56,280,4:40,0.2934,ANOMALIE,,,ml19_292b_00260056,A_VALIDER
ml19_292b_0026_part57.wav,57,285,4:45,0.1681,RAS,,,ml19_292b_00260057,A_VALIDER
ml19_292b_0026_part58.wav,58,290,4:50,0.3878,ANOMALIE,,,ml19_292b_00260058,A_VALIDER
ml19_292b_0026_part59.wav,59,295,4:55,0.2919,ANOMALIE,,,ml19_292b_00260059,A_VALIDER
ml19_292b_0026_part60.wav,60,300,5:00,0.1485,RAS,,,ml19_292b_00260060,A_VALIDER
ml19_292b_0026_part61.wav,61,305,5:05,0.1742,RAS,,,ml19_292b_00260061,A_VALIDER
ml19_292b_0026_part62.wav,62,310,5:10,0.2068,RAS,,,ml19_292b_00260062,A_VALIDER
ml19_292b_0026_part63.wav,63,315,5:15,0.2516,ANOMALIE,,,ml19_292b_00260063,A_VALIDER
ml19_292b_0026_part64.wav,64,320,5:20,0.3465,ANOMALIE,,,ml19_292b_00260064,A_VALIDER
ml19_292b_0026_part65.wav,65,325,5:25,0.2278,RAS,,,ml19_292b_00260065,A_VALIDER
ml19_292b_0026_part66.wav,66,330,5:30,0.2011,RAS,,,ml19_292b_00260066,A_VALIDER
ml19_292b_0026_part67.wav,67,335,5:35,0.2071,RAS,,,ml19_292b_00260067,A_VALIDER
ml19_292b_0026_part68.wav,68,340,5:40,0.19,RAS,,,ml19_292b_00260068,A_VALIDER
ml19_292b_0026_part69.wav,69,345,5:45,0.1907,RAS,,,ml19_292b_00260069,A_VALIDER
ml19_292b_0026_part70.wav,70,350,5:50,0.1876,RAS,,,ml19_292b_00260070,A_VALIDER
ml19_292b_0026_part71.wav,71,355,5:55,0.1742,RAS,,,ml19_292b_00260071,A_VALIDER
ml19_292b_0026_part72.wav,72,360,6:00,0.1815,RAS,,,ml19_292b_00260072,A_VALIDER
ml19_292b_0026_part73.wav,73,365,6:05,0.1962,RAS,,,ml19_292b_00260073,A_VALIDER
ml19_292b_0026_part74.wav,74,370,6:10,0.1952,RAS,,,ml19_292b_00260074,A_VALIDER
ml19_292b_0026_part75.wav,75,375,6:15,0.3024,ANOMALIE,,,ml19_292b_00260075,A_VALIDER
ml19_292b_0026_part76.wav,76,380,6:20,0.1715,RAS,,,ml19_292b_00260076,A_VALIDER
ml19_292b_0026_part77.wav,77,385,6:25,0.2021,RAS,,,ml19_292b_00260077,A_VALIDER
ml19_292b_0026_part78.wav,78,390,6:30,0.1223,RAS,,,ml19_292b_00260078,A_VALIDER
ml19_292b_0026_part79.wav,79,395,6:35,0.2139,RAS,,,ml19_292b_00260079,A_VALIDER
ml19_292b_0026_part80.wav,80,400,6:40,0.2056,RAS,,,ml19_292b_00260080,A_VALIDER
ml19_292b_0026_part81.wav,81,405,6:45,0.1817,RAS,,,ml19_292b_00260081,A_VALIDER
ml19_292b_0026_part82.wav,82,410,6:50,0.1115,RAS,,,ml19_292b_00260082,A_VALIDER
ml19_292b_0026_part83.wav,83,415,6:55,0.1462,RAS,,,ml19_292b_00260083,A_VALIDER
ml19_292b_0026_part84.wav,84,420,7:00,0.1291,RAS,,,ml19_292b_00260084,A_VALIDER
ml19_292b_0026_part85.wav,85,425,7:05,0.1465,RAS,,,ml19_292b_00260085,A_VALIDER
ml19_292b_0026_part86.wav,86,430,7:10,0.1288,RAS,,,ml19_292b_00260086,A_VALIDER
ml19_292b_0026_part87.wav,87,435,7:15,0.2095,RAS,,,ml19_292b_00260087,A_VALIDER
ml19_292b_0026_part88.wav,88,440,7:20,0.152,RAS,,,ml19_292b_00260088,A_VALIDER
ml19_292b_0026_part89.wav,89,445,7:25,0.3087,ANOMALIE,,,ml19_292b_00260089,A_VALIDER
ml19_292b_0026_part90.wav,90,450,7:30,0.4049,ANOMALIE,,,ml19_292b_00260090,A_VALIDER
ml19_292b_0026_part91.wav,91,455,7:35,0.3068,ANOMALIE,,,ml19_292b_00260091,A_VALIDER
ml19_292b_0026_part92.wav,92,460,7:40,0.1355,RAS,,,ml19_292b_00260092,A_VALIDER
ml19_292b_0026_part93.wav,93,465,7:45,0.2038,RAS,,,ml19_292b_00260093,A_VALIDER
ml19_292b_0026_part94.wav,94,470,7:50,0.1743,RAS,,,ml19_292b_00260094,A_VALIDER
ml19_292b_0026_part95.wav,95,475,7:55,0.2108,RAS,,,ml19_292b_00260095,A_VALIDER
ml19_292b_0026_part96.wav,96,480,8:00,0.1569,RAS,,,ml19_292b_00260096,A_VALIDER
ml19_292b_0026_part97.wav,97,485,8:05,0.1748,RAS,,,ml19_292b_00260097,A_VALIDER
ml19_292b_0026_part98.wav,98,490,8:10,0.2017,RAS,,,ml19_292b_00260098,A_VALIDER
ml19_292b_0026_part99.wav,99,495,8:15,0.1739,RAS,,,ml19_292b_00260099,A_VALIDER
ml19_292b_0026_part100.wav,100,500,8:20,0.2465,RAS,,,ml19_292b_00260100,A_VALIDER
ml19_292b_0026_part101.wav,101,505,8:25,0.1631,RAS,,,ml19_292b_00260101,A_VALIDER
ml19_292b_0026_part102.wav,102,510,8:30,0.2066,RAS,,,ml19_292b_00260102,A_VALIDER
ml19_292b_0026_part103.wav,103,515,8:35,0.3094,ANOMALIE,,,ml19_292b_00260103,A_VALIDER
ml19_292b_0026_part104.wav,104,520,8:40,0.1805,RAS,,,ml19_292b_00260104,A_VALIDER
ml19_292b_0026_part105.wav,105,525,8:45,0.1683,RAS,,,ml19_292b_00260105,A_VALIDER
ml19_292b_0026_part106.wav,106,530,8:50,0.1656,RAS,,,ml19_292b_00260106,A_VALIDER
ml19_292b_0026_part107.wav,107,535,8:55,0.2282,RAS,,,ml19_292b_00260107,A_VALIDER
ml19_292b_0026_part108.wav,108,540,9:00,0.2469,RAS,,,ml19_292b_00260108,A_VALIDER
ml19_292b_0026_part109.wav,109,545,9:05,0.1731,RAS,,,ml19_292b_00260109,A_VALIDER
ml19_292b_0026_part110.wav,110,550,9:10,0.1447,RAS,,,ml19_292b_00260110,A_VALIDER
ml19_292b_0026_part111.wav,111,555,9:15,0.1874,RAS,,,ml19_292b_00260111,A_VALIDER
ml19_292b_0026_part112.wav,112,560,9:20,0.2521,ANOMALIE,,,ml19_292b_00260112,A_VALIDER
ml19_292b_0026_part113.wav,113,565,9:25,0.2964,ANOMALIE,,,ml19_292b_00260113,A_VALIDER
ml19_292b_0026_part114.wav,114,570,9:30,0.2617,ANOMALIE,,,ml19_292b_00260114,A_VALIDER
ml19_292b_0026_part115.wav,115,575,9:35,0.1309,RAS,,,ml19_292b_00260115,A_VALIDER
ml19_292b_0026_part116.wav,116,580,9:40,0.1963,RAS,,,ml19_292b_00260116,A_VALIDER
ml19_292b_0026_part117.wav,117,585,9:45,0.2511,ANOMALIE,,,ml19_292b_00260117,A_VALIDER
ml19_292b_0026_part118.wav,118,590,9:50,0.1839,RAS,,,ml19_292b_00260118,A_VALIDER
ml19_292b_0026_part119.wav,119,595,9:55,0.3251,ANOMALIE,,,ml19_292b_00260119,A_VALIDER
ml19_292b_0026_part120.wav,120,600,10:00,0.211,RAS,,,ml19_292b_00260120,A_VALIDER
ml19_292b_0026_part121.wav,121,605,10:05,0.2584,ANOMALIE,,,ml19_292b_00260121,A_VALIDER
ml19_292b_0026_part122.wav,122,610,10:10,0.1755,RAS,,,ml19_292b_00260122,A_VALIDER
ml19_292b_0026_part123.wav,123,615,10:15,0.2408,RAS,,,ml19_292b_00260123,A_VALIDER
ml19_292b_0026_part124.wav,124,620,10:20,0.1913,RAS,,,ml19_292b_00260124,A_VALIDER
ml19_292b_0026_part125.wav,125,625,10:25,0.204,RAS,,,ml19_292b_00260125,A_VALIDER
ml19_292b_0026_part126.wav,126,630,10:30,0.3119,ANOMALIE,,,ml19_292b_00260126,A_VALIDER
ml19_292b_0026_part127.wav,127,635,10:35,0.3092,ANOMALIE,,,ml19_292b_00260127,A_VALIDER
ml19_292b_0026_part128.wav,128,640,10:40,0.2192,RAS,,,ml19_292b_00260128,A_VALIDER
ml19_292b_0026_part129.wav,129,645,10:45,0.3,ANOMALIE,,,ml19_292b_00260129,A_VALIDER
ml19_292b_0026_part130.wav,130,650,10:50,0.2854,ANOMALIE,,,ml19_292b_00260130,A_VALIDER
ml19_292b_0026_part131.wav,131,655,10:55,0.2575,ANOMALIE,,,ml19_292b_00260131,A_VALIDER
ml19_292b_0026_part132.wav,132,660,11:00,0.2798,ANOMALIE,,,ml19_292b_00260132,A_VALIDER
ml19_292b_0026_part133.wav,133,665,11:05,0.2273,RAS,,,ml19_292b_00260133,A_VALIDER
ml19_292b_0026_part134.wav,134,670,11:10,0.2239,RAS,,,ml19_292b_00260134,A_VALIDER
ml19_292b_0026_part135.wav,135,675,11:15,0.2104,RAS,,,ml19_292b_00260135,A_VALIDER
ml19_292b_0026_part136.wav,136,680,11:20,0.2049,RAS,,,ml19_292b_00260136,A_VALIDER
ml19_292b_0026_part137.wav,137,685,11:25,0.2299,RAS,,,ml19_292b_00260137,A_VALIDER
ml19_292b_0026_part138.wav,138,690,11:30,0.3275,ANOMALIE,,,ml19_292b_00260138,A_VALIDER
ml19_292b_0026_part139.wav,139,695,11:35,0.3645,ANOMALIE,,,ml19_292b_00260139,A_VALIDER
ml19_292b_0026_part140.wav,140,700,11:40,0.2973,ANOMALIE,,,ml19_292b_00260140,A_VALIDER
ml19_292b_0026_part141.wav,141,705,11:45,0.2828,ANOMALIE,,,ml19_292b_00260141,A_VALIDER
ml19_292b_0026_part142.wav,142,710,11:50,0.2257,RAS,,,ml19_292b_00260142,A_VALIDER
ml19_292b_0026_part143.wav,143,715,11:55,0.1957,RAS,,,ml19_292b_00260143,A_VALIDER
ml19_292b_0026_part144.wav,144,720,12:00,0.2162,RAS,,,ml19_292b_00260144,A_VALIDER
ml19_293a_0015_part0.wav,0,0,0:00,0.1162,RAS,,,ml19_293a_00150000,A_VALIDER
ml19_293a_0015_part1.wav,1,5,0:05,0.1566,RAS,,,ml19_293a_00150001,A_VALIDER
ml19_293a_0015_part2.wav,2,10,0:10,0.1284,RAS,,,ml19_293a_00150002,A_VALIDER
ml19_293a_0015_part3.wav,3,15,0:15,0.1777,RAS,,,ml19_293a_00150003,A_VALIDER
ml19_293a_0015_part4.wav,4,20,0:20,0.0859,RAS,,,ml19_293a_00150004,A_VALIDER
ml19_293a_0015_part5.wav,5,25,0:25,0.1673,RAS,,,ml19_293a_00150005,A_VALIDER
ml19_293a_0015_part6.wav,6,30,0:30,0.1335,RAS,,,ml19_293a_00150006,A_VALIDER
ml19_293a_0015_part7.wav,7,35,0:35,0.1155,RAS,,,ml19_293a_00150007,A_VALIDER
ml19_293a_0015_part8.wav,8,40,0:40,0.1621,RAS,,,ml19_293a_00150008,A_VALIDER
ml19_293a_0015_part9.wav,9,45,0:45,0.1,RAS,,,ml19_293a_00150009,A_VALIDER
ml19_293a_0015_part10.wav,10,50,0:50,0.1142,RAS,,,ml19_293a_00150010,A_VALIDER
ml19_293a_0015_part11.wav,11,55,0:55,0.0874,RAS,,,ml19_293a_00150011,A_VALIDER
ml19_293a_0015_part12.wav,12,60,1:00,0.0993,RAS,,,ml19_293a_00150012,A_VALIDER
ml19_293a_0015_part13.wav,13,65,1:05,0.1109,RAS,,,ml19_293a_00150013,A_VALIDER
ml19_293a_0015_part14.wav,14,70,1:10,0.1137,RAS,,,ml19_293a_00150014,A_VALIDER
ml19_293a_0015_part15.wav,15,75,1:15,0.0849,RAS,,,ml19_293a_00150015,A_VALIDER
ml19_293a_0015_part16.wav,16,80,1:20,0.1094,RAS,,,ml19_293a_00150016,A_VALIDER
ml19_293a_0015_part17.wav,17,85,1:25,0.153,RAS,,,ml19_293a_00150017,A_VALIDER
ml19_293a_0015_part18.wav,18,90,1:30,0.1787,RAS,,,ml19_293a_00150018,A_VALIDER
ml19_293a_0015_part19.wav,19,95,1:35,0.0944,RAS,,,ml19_293a_00150019,A_VALIDER
ml19_293a_0015_part20.wav,20,100,1:40,0.1183,RAS,,,ml19_293a_00150020,A_VALIDER
ml19_293a_0015_part21.wav,21,105,1:45,0.1243,RAS,,,ml19_293a_00150021,A_VALIDER
ml19_293a_0015_part22.wav,22,110,1:50,0.0996,RAS,,,ml19_293a_00150022,A_VALIDER
ml19_293a_0015_part23.wav,23,115,1:55,0.1004,RAS,,,ml19_293a_00150023,A_VALIDER
ml19_293a_0015_part24.wav,24,120,2:00,0.0911,RAS,,,ml19_293a_00150024,A_VALIDER
ml19_293a_0015_part25.wav,25,125,2:05,0.0784,RAS,,,ml19_293a_00150025,A_VALIDER
ml19_293a_0015_part26.wav,26,130,2:10,0.0901,RAS,,,ml19_293a_00150026,A_VALIDER
ml19_293a_0015_part27.wav,27,135,2:15,0.0909,RAS,,,ml19_293a_00150027,A_VALIDER
ml19_293a_0015_part28.wav,28,140,2:20,0.1346,RAS,,,ml19_293a_00150028,A_VALIDER
ml19_293a_0015_part29.wav,29,145,2:25,0.0992,RAS,,,ml19_293a_00150029,A_VALIDER
ml19_293a_0015_part30.wav,30,150,2:30,0.0878,RAS,,,ml19_293a_00150030,A_VALIDER
ml19_293a_0015_part31.wav,31,155,2:35,0.2355,RAS,,,ml19_293a_00150031,A_VALIDER
ml19_293a_0015_part32.wav,32,160,2:40,0.1346,RAS,,,ml19_293a_00150032,A_VALIDER
ml19_293a_0015_part33.wav,33,165,2:45,0.2044,RAS,,,ml19_293a_00150033,A_VALIDER
ml19_293a_0015_part34.wav,34,170,2:50,0.3378,ANOMALIE,,,ml19_293a_00150034,A_VALIDER
ml19_293a_0015_part35.wav,35,175,2:55,0.1757,RAS,,,ml19_293a_00150035,A_VALIDER
ml19_293a_0015_part36.wav,36,180,3:00,0.1607,RAS,,,ml19_293a_00150036,A_VALIDER
ml19_293a_0015_part37.wav,37,185,3:05,0.1263,RAS,,,ml19_293a_00150037,A_VALIDER
ml19_293a_0015_part38.wav,38,190,3:10,0.0723,RAS,,,ml19_293a_00150038,A_VALIDER
ml19_293a_0015_part39.wav,39,195,3:15,0.131,RAS,,,ml19_293a_00150039,A_VALIDER
ml19_293a_0015_part40.wav,40,200,3:20,0.1,RAS,,,ml19_293a_00150040,A_VALIDER
ml19_293a_0015_part41.wav,41,205,3:25,0.0983,RAS,,,ml19_293a_00150041,A_VALIDER
ml19_293a_0015_part42.wav,42,210,3:30,0.1254,RAS,,,ml19_293a_00150042,A_VALIDER
ml19_293a_0015_part43.wav,43,215,3:35,0.1214,RAS,,,ml19_293a_00150043,A_VALIDER
ml19_293a_0015_part44.wav,44,220,3:40,0.1245,RAS,,,ml19_293a_00150044,A_VALIDER
ml19_293a_0015_part45.wav,45,225,3:45,0.1004,RAS,,,ml19_293a_00150045,A_VALIDER
ml19_293a_0015_part46.wav,46,230,3:50,0.1193,RAS,,,ml19_293a_00150046,A_VALIDER
ml19_293a_0015_part47.wav,47,235,3:55,0.1699,RAS,,,ml19_293a_00150047,A_VALIDER
ml19_293a_0015_part48.wav,48,240,4:00,0.1962,RAS,,,ml19_293a_00150048,A_VALIDER
ml19_293a_0015_part49.wav,49,245,4:05,0.1354,RAS,,,ml19_293a_00150049,A_VALIDER
ml19_293a_0015_part50.wav,50,250,4:10,0.0986,RAS,,,ml19_293a_00150050,A_VALIDER
ml19_293a_0015_part51.wav,51,255,4:15,0.1065,RAS,,,ml19_293a_00150051,A_VALIDER
ml19_293a_0015_part52.wav,52,260,4:20,0.0939,RAS,,,ml19_293a_00150052,A_VALIDER
ml19_293a_0015_part53.wav,53,265,4:25,0.1299,RAS,,,ml19_293a_00150053,A_VALIDER
ml19_293a_0015_part54.wav,54,270,4:30,0.1192,RAS,,,ml19_293a_00150054,A_VALIDER
ml19_293a_0015_part55.wav,55,275,4:35,0.1006,RAS,,,ml19_293a_00150055,A_VALIDER
ml19_293a_0015_part56.wav,56,280,4:40,0.1003,RAS,,,ml19_293a_00150056,A_VALIDER
ml19_293a_0015_part57.wav,57,285,4:45,0.122,RAS,,,ml19_293a_00150057,A_VALIDER
ml19_293a_0015_part58.wav,58,290,4:50,0.1438,RAS,,,ml19_293a_00150058,A_VALIDER
ml19_293a_0015_part59.wav,59,295,4:55,0.1065,RAS,,,ml19_293a_00150059,A_VALIDER
ml19_293a_0015_part60.wav,60,300,5:00,0.1028,RAS,,,ml19_293a_00150060,A_VALIDER
ml19_293a_0015_part61.wav,61,305,5:05,0.1398,RAS,,,ml19_293a_00150061,A_VALIDER
ml19_293a_0015_part62.wav,62,310,5:10,0.1402,RAS,,,ml19_293a_00150062,A_VALIDER
ml19_293a_0015_part63.wav,63,315,5:15,0.12,RAS,,,ml19_293a_00150063,A_VALIDER
ml19_293a_0015_part64.wav,64,320,5:20,0.1727,RAS,,,ml19_293a_00150064,A_VALIDER
ml19_293a_0015_part65.wav,65,325,5:25,0.1198,RAS,,,ml19_293a_00150065,A_VALIDER
ml19_293a_0015_part66.wav,66,330,5:30,0.1067,RAS,,,ml19_293a_00150066,A_VALIDER
ml19_293a_0015_part67.wav,67,335,5:35,0.2061,RAS,,,ml19_293a_00150067,A_VALIDER
ml19_293a_0015_part68.wav,68,340,5:40,0.1011,RAS,,,ml19_293a_00150068,A_VALIDER
ml19_293a_0015_part69.wav,69,345,5:45,0.1077,RAS,,,ml19_293a_00150069,A_VALIDER
ml19_293a_0015_part70.wav,70,350,5:50,0.2049,RAS,,,ml19_293a_00150070,A_VALIDER
ml19_293a_0015_part71.wav,71,355,5:55,0.1178,RAS,,,ml19_293a_00150071,A_VALIDER
ml19_293a_0015_part72.wav,72,360,6:00,0.1307,RAS,,,ml19_293a_00150072,A_VALIDER
ml19_293a_0015_part73.wav,73,365,6:05,0.1022,RAS,,,ml19_293a_00150073,A_VALIDER
ml19_293a_0015_part74.wav,74,370,6:10,0.1031,RAS,,,ml19_293a_00150074,A_VALIDER
ml19_293a_0015_part75.wav,75,375,6:15,0.1425,RAS,,,ml19_293a_00150075,A_VALIDER
ml19_293a_0015_part76.wav,76,380,6:20,0.1322,RAS,,,ml19_293a_00150076,A_VALIDER
ml19_293a_0015_part77.wav,77,385,6:25,0.1168,RAS,,,ml19_293a_00150077,A_VALIDER
ml19_293a_0015_part78.wav,78,390,6:30,0.161,RAS,,,ml19_293a_00150078,A_VALIDER
ml19_293a_0015_part79.wav,79,395,6:35,0.1371,RAS,,,ml19_293a_00150079,A_VALIDER
ml19_293a_0015_part80.wav,80,400,6:40,0.112,RAS,,,ml19_293a_00150080,A_VALIDER
ml19_293a_0015_part81.wav,81,405,6:45,0.0919,RAS,,,ml19_293a_00150081,A_VALIDER
ml19_293a_0015_part82.wav,82,410,6:50,0.1467,RAS,,,ml19_293a_00150082,A_VALIDER
ml19_293a_0015_part83.wav,83,415,6:55,0.1441,RAS,,,ml19_293a_00150083,A_VALIDER
ml19_293a_0015_part84.wav,84,420,7:00,0.1212,RAS,,,ml19_293a_00150084,A_VALIDER
ml19_293a_0015_part85.wav,85,425,7:05,0.1044,RAS,,,ml19_293a_00150085,A_VALIDER
ml19_293a_0015_part86.wav,86,430,7:10,0.1012,RAS,,,ml19_293a_00150086,A_VALIDER
ml19_293a_0015_part87.wav,87,435,7:15,0.1414,RAS,,,ml19_293a_00150087,A_VALIDER
ml19_293a_0015_part88.wav,88,440,7:20,0.1485,RAS,,,ml19_293a_00150088,A_VALIDER
ml19_293a_0015_part89.wav,89,445,7:25,0.1648,RAS,,,ml19_293a_00150089,A_VALIDER
ml19_293a_0015_part90.wav,90,450,7:30,0.1435,RAS,,,ml19_293a_00150090,A_VALIDER
ml19_293a_0015_part91.wav,91,455,7:35,0.1325,RAS,,,ml19_293a_00150091,A_VALIDER
ml19_293a_0015_part92.wav,92,460,7:40,0.1513,RAS,,,ml19_293a_00150092,A_VALIDER
ml19_293a_0015_part93.wav,93,465,7:45,0.1283,RAS,,,ml19_293a_00150093,A_VALIDER
ml19_293a_0015_part94.wav,94,470,7:50,0.1689,RAS,,,ml19_293a_00150094,A_VALIDER
ml19_293a_0015_part95.wav,95,475,7:55,0.1087,RAS,,,ml19_293a_00150095,A_VALIDER
ml19_293a_0015_part96.wav,96,480,8:00,0.1131,RAS,,,ml19_293a_00150096,A_VALIDER
ml19_293a_0015_part97.wav,97,485,8:05,0.1433,RAS,,,ml19_293a_00150097,A_VALIDER
ml19_293a_0015_part98.wav,98,490,8:10,0.1184,RAS,,,ml19_293a_00150098,A_VALIDER
ml19_293a_0015_part99.wav,99,495,8:15,0.1339,RAS,,,ml19_293a_00150099,A_VALIDER
ml19_293a_0015_part100.wav,100,500,8:20,0.1159,RAS,,,ml19_293a_00150100,A_VALIDER
ml19_293a_0015_part101.wav,101,505,8:25,0.1495,RAS,,,ml19_293a_00150101,A_VALIDER
ml19_293a_0015_part102.wav,102,510,8:30,0.0928,RAS,,,ml19_293a_00150102,A_VALIDER
ml19_293a_0015_part103.wav,103,515,8:35,0.1612,RAS,,,ml19_293a_00150103,A_VALIDER
ml19_293a_0015_part104.wav,104,520,8:40,0.1628,RAS,,,ml19_293a_00150104,A_VALIDER
ml19_293a_0015_part105.wav,105,525,8:45,0.1024,RAS,,,ml19_293a_00150105,A_VALIDER
ml19_293a_0015_part106.wav,106,530,8:50,0.1207,RAS,,,ml19_293a_00150106,A_VALIDER
ml19_293a_0015_part107.wav,107,535,8:55,0.1789,RAS,,,ml19_293a_00150107,A_VALIDER
ml19_293a_0015_part108.wav,108,540,9:00,0.1728,RAS,,,ml19_293a_00150108,A_VALIDER
ml19_293a_0015_part109.wav,109,545,9:05,0.1793,RAS,,,ml19_293a_00150109,A_VALIDER
ml19_293a_0015_part110.wav,110,550,9:10,0.16,RAS,,,ml19_293a_00150110,A_VALIDER
ml19_293a_0015_part111.wav,111,555,9:15,0.1149,RAS,,,ml19_293a_00150111,A_VALIDER
ml19_293a_0015_part112.wav,112,560,9:20,0.1562,RAS,,,ml19_293a_00150112,A_VALIDER
ml19_293a_0015_part113.wav,113,565,9:25,0.1192,RAS,,,ml19_293a_00150113,A_VALIDER
ml19_293a_0015_part114.wav,114,570,9:30,0.1524,RAS,,,ml19_293a_00150114,A_VALIDER
ml19_293a_0015_part115.wav,115,575,9:35,0.1193,RAS,,,ml19_293a_00150115,A_VALIDER
ml19_293a_0015_part116.wav,116,580,9:40,0.1402,RAS,,,ml19_293a_00150116,A_VALIDER
ml19_293a_0015_part117.wav,117,585,9:45,0.1596,RAS,,,ml19_293a_00150117,A_VALIDER
ml19_293a_0015_part118.wav,118,590,9:50,0.1433,RAS,,,ml19_293a_00150118,A_VALIDER
ml19_293a_0015_part119.wav,119,595,9:55,0.1371,RAS,,,ml19_293a_00150119,A_VALIDER
ml19_293a_0015_part120.wav,120,600,10:00,0.1248,RAS,,,ml19_293a_00150120,A_VALIDER
ml19_293a_0015_part121.wav,121,605,10:05,0.1276,RAS,,,ml19_293a_00150121,A_VALIDER
ml19_293a_0015_part122.wav,122,610,10:10,0.1127,RAS,,,ml19_293a_00150122,A_VALIDER
ml19_293a_0015_part123.wav,123,615,10:15,0.1976,RAS,,,ml19_293a_00150123,A_VALIDER
ml19_293a_0015_part124.wav,124,620,10:20,0.1164,RAS,,,ml19_293a_00150124,A_VALIDER
ml19_293a_0015_part125.wav,125,625,10:25,0.1423,RAS,,,ml19_293a_00150125,A_VALIDER
ml19_293a_0015_part126.wav,126,630,10:30,0.1188,RAS,,,ml19_293a_00150126,A_VALIDER
ml19_293a_0015_part127.wav,127,635,10:35,0.28,ANOMALIE,,,ml19_293a_00150127,A_VALIDER
ml19_293a_0015_part128.wav,128,640,10:40,0.2002,RAS,,,ml19_293a_00150128,A_VALIDER
ml19_293a_0015_part129.wav,129,645,10:45,0.1437,RAS,,,ml19_293a_00150129,A_VALIDER
ml19_293a_0015_part130.wav,130,650,10:50,0.1104,RAS,,,ml19_293a_00150130,A_VALIDER
ml19_293a_0015_part131.wav,131,655,10:55,0.1694,RAS,,,ml19_293a_00150131,A_VALIDER
ml19_293a_0015_part132.wav,132,660,11:00,0.2026,RAS,,,ml19_293a_00150132,A_VALIDER
ml19_293a_0015_part133.wav,133,665,11:05,0.1413,RAS,,,ml19_293a_00150133,A_VALIDER
ml19_293a_0015_part134.wav,134,670,11:10,0.2344,RAS,,,ml19_293a_00150134,A_VALIDER
ml19_293a_0015_part135.wav,135,675,11:15,0.2044,RAS,,,ml19_293a_00150135,A_VALIDER
ml19_293a_0015_part136.wav,136,680,11:20,0.115,RAS,,,ml19_293a_00150136,A_VALIDER
ml19_293a_0015_part137.wav,137,685,11:25,0.1304,RAS,,,ml19_293a_00150137,A_VALIDER
ml19_293a_0015_part138.wav,138,690,11:30,0.2155,RAS,,,ml19_293a_00150138,A_VALIDER
ml19_293a_0015_part139.wav,139,695,11:35,0.1505,RAS,,,ml19_293a_00150139,A_VALIDER
ml19_293a_0015_part140.wav,140,700,11:40,0.1566,RAS,,,ml19_293a_00150140,A_VALIDER
ml19_293a_0015_part141.wav,141,705,11:45,0.1859,RAS,,,ml19_293a_00150141,A_VALIDER
ml19_293a_0066_part0.wav,0,0,0:00,0.2531,ANOMALIE,,,ml19_293a_00660000,A_VALIDER
ml19_293a_0066_part1.wav,1,5,0:05,0.1628,RAS,,,ml19_293a_00660001,A_VALIDER
ml19_293a_0066_part2.wav,2,10,0:10,0.1575,RAS,,,ml19_293a_00660002,A_VALIDER
ml19_293a_0066_part3.wav,3,15,0:15,0.1301,RAS,,,ml19_293a_00660003,A_VALIDER
ml19_293a_0066_part4.wav,4,20,0:20,0.1235,RAS,,,ml19_293a_00660004,A_VALIDER
ml19_293a_0066_part5.wav,5,25,0:25,0.1367,RAS,,,ml19_293a_00660005,A_VALIDER
ml19_293a_0066_part6.wav,6,30,0:30,0.1149,RAS,,,ml19_293a_00660006,A_VALIDER
ml19_293a_0066_part7.wav,7,35,0:35,0.2622,ANOMALIE,,,ml19_293a_00660007,A_VALIDER
ml19_293a_0066_part8.wav,8,40,0:40,0.1286,RAS,,,ml19_293a_00660008,A_VALIDER
ml19_293a_0066_part9.wav,9,45,0:45,0.1364,RAS,,,ml19_293a_00660009,A_VALIDER
ml19_293a_0066_part10.wav,10,50,0:50,0.1372,RAS,,,ml19_293a_00660010,A_VALIDER
ml19_293a_0066_part11.wav,11,55,0:55,0.1227,RAS,,,ml19_293a_00660011,A_VALIDER
ml19_293a_0066_part12.wav,12,60,1:00,0.1566,RAS,,,ml19_293a_00660012,A_VALIDER
ml19_293a_0066_part13.wav,13,65,1:05,0.1575,RAS,,,ml19_293a_00660013,A_VALIDER
ml19_293a_0066_part14.wav,14,70,1:10,0.1771,RAS,,,ml19_293a_00660014,A_VALIDER
ml19_293a_0066_part15.wav,15,75,1:15,0.1453,RAS,,,ml19_293a_00660015,A_VALIDER
ml19_293a_0066_part16.wav,16,80,1:20,0.2169,RAS,,,ml19_293a_00660016,A_VALIDER
ml19_293a_0066_part17.wav,17,85,1:25,0.1895,RAS,,,ml19_293a_00660017,A_VALIDER
ml19_293a_0066_part18.wav,18,90,1:30,0.1767,RAS,,,ml19_293a_00660018,A_VALIDER
ml19_293a_0066_part19.wav,19,95,1:35,0.1206,RAS,,,ml19_293a_00660019,A_VALIDER
ml19_293a_0066_part20.wav,20,100,1:40,0.1982,RAS,,,ml19_293a_00660020,A_VALIDER
ml19_293a_0066_part21.wav,21,105,1:45,0.1224,RAS,,,ml19_293a_00660021,A_VALIDER
ml19_293a_0066_part22.wav,22,110,1:50,0.1397,RAS,,,ml19_293a_00660022,A_VALIDER
ml19_293a_0066_part23.wav,23,115,1:55,0.0996,RAS,,,ml19_293a_00660023,A_VALIDER
ml19_293a_0066_part24.wav,24,120,2:00,0.082,RAS,,,ml19_293a_00660024,A_VALIDER
ml19_293a_0066_part25.wav,25,125,2:05,0.202,RAS,,,ml19_293a_00660025,A_VALIDER
ml19_293a_0066_part26.wav,26,130,2:10,0.1328,RAS,,,ml19_293a_00660026,A_VALIDER
ml19_293a_0066_part27.wav,27,135,2:15,0.139,RAS,,,ml19_293a_00660027,A_VALIDER
ml19_293a_0066_part28.wav,28,140,2:20,0.1556,RAS,,,ml19_293a_00660028,A_VALIDER
ml19_293a_0066_part29.wav,29,145,2:25,0.0986,RAS,,,ml19_293a_00660029,A_VALIDER
ml19_293a_0066_part30.wav,30,150,2:30,0.1483,RAS,,,ml19_293a_00660030,A_VALIDER
ml19_293a_0066_part31.wav,31,155,2:35,0.1066,RAS,,,ml19_293a_00660031,A_VALIDER
ml19_293a_0066_part32.wav,32,160,2:40,0.1927,RAS,,,ml19_293a_00660032,A_VALIDER
ml19_293a_0066_part33.wav,33,165,2:45,0.1281,RAS,,,ml19_293a_00660033,A_VALIDER
ml19_293a_0066_part34.wav,34,170,2:50,0.1634,RAS,,,ml19_293a_00660034,A_VALIDER
ml19_293a_0066_part35.wav,35,175,2:55,0.2313,RAS,,,ml19_293a_00660035,A_VALIDER
ml19_293a_0066_part36.wav,36,180,3:00,0.134,RAS,,,ml19_293a_00660036,A_VALIDER
ml19_293a_0066_part37.wav,37,185,3:05,0.1338,RAS,,,ml19_293a_00660037,A_VALIDER
ml19_293a_0066_part38.wav,38,190,3:10,0.1994,RAS,,,ml19_293a_00660038,A_VALIDER
ml19_293a_0066_part39.wav,39,195,3:15,0.0922,RAS,,,ml19_293a_00660039,A_VALIDER
ml19_293a_0066_part40.wav,40,200,3:20,0.1561,RAS,,,ml19_293a_00660040,A_VALIDER
ml19_293a_0066_part41.wav,41,205,3:25,0.1246,RAS,,,ml19_293a_00660041,A_VALIDER
ml19_293a_0066_part42.wav,42,210,3:30,0.1437,RAS,,,ml19_293a_00660042,A_VALIDER
ml19_293a_0066_part43.wav,43,215,3:35,0.1906,RAS,,,ml19_293a_00660043,A_VALIDER
ml19_293a_0066_part44.wav,44,220,3:40,0.1068,RAS,,,ml19_293a_00660044,A_VALIDER
ml19_293a_0066_part45.wav,45,225,3:45,0.1126,RAS,,,ml19_293a_00660045,A_VALIDER
ml19_293a_0066_part46.wav,46,230,3:50,0.1063,RAS,,,ml19_293a_00660046,A_VALIDER
ml19_293a_0066_part47.wav,47,235,3:55,0.2247,RAS,,,ml19_293a_00660047,A_VALIDER
ml19_293a_0066_part48.wav,48,240,4:00,0.0992,RAS,,,ml19_293a_00660048,A_VALIDER
ml19_293a_0066_part49.wav,49,245,4:05,0.09,RAS,,,ml19_293a_00660049,A_VALIDER
ml19_293a_0066_part50.wav,50,250,4:10,0.1516,RAS,,,ml19_293a_00660050,A_VALIDER
ml19_293a_0066_part51.wav,51,255,4:15,0.0882,RAS,,,ml19_293a_00660051,A_VALIDER
ml19_293a_0066_part52.wav,52,260,4:20,0.1183,RAS,,,ml19_293a_00660052,A_VALIDER
ml19_293a_0066_part53.wav,53,265,4:25,0.1292,RAS,,,ml19_293a_00660053,A_VALIDER
ml19_293a_0066_part54.wav,54,270,4:30,0.1033,RAS,,,ml19_293a_00660054,A_VALIDER
ml19_293a_0066_part55.wav,55,275,4:35,0.1449,RAS,,,ml19_293a_00660055,A_VALIDER
ml19_293a_0066_part56.wav,56,280,4:40,0.1173,RAS,,,ml19_293a_00660056,A_VALIDER
ml19_293a_0066_part57.wav,57,285,4:45,0.5132,ANOMALIE,,,ml19_293a_00660057,A_VALIDER
ml19_293a_0066_part58.wav,58,290,4:50,0.2106,RAS,,,ml19_293a_00660058,A_VALIDER
ml19_293a_0066_part59.wav,59,295,4:55,0.4417,ANOMALIE,,,ml19_293a_00660059,A_VALIDER
ml19_293a_0066_part60.wav,60,300,5:00,0.3995,ANOMALIE,,,ml19_293a_00660060,A_VALIDER
ml19_293a_0066_part61.wav,61,305,5:05,0.1144,RAS,,,ml19_293a_00660061,A_VALIDER
ml19_293a_0066_part62.wav,62,310,5:10,0.1876,RAS,,,ml19_293a_00660062,A_VALIDER
ml19_293a_0066_part63.wav,63,315,5:15,0.0938,RAS,,,ml19_293a_00660063,A_VALIDER
ml19_293a_0066_part64.wav,64,320,5:20,0.1493,RAS,,,ml19_293a_00660064,A_VALIDER
ml19_293a_0066_part65.wav,65,325,5:25,0.1395,RAS,,,ml19_293a_00660065,A_VALIDER
ml19_293a_0066_part66.wav,66,330,5:30,0.1425,RAS,,,ml19_293a_00660066,A_VALIDER
ml19_293a_0066_part67.wav,67,335,5:35,0.0891,RAS,,,ml19_293a_00660067,A_VALIDER
ml19_293a_0066_part68.wav,68,340,5:40,0.1094,RAS,,,ml19_293a_00660068,A_VALIDER
ml19_293a_0066_part69.wav,69,345,5:45,0.0986,RAS,,,ml19_293a_00660069,A_VALIDER
ml19_293a_0066_part70.wav,70,350,5:50,0.2595,ANOMALIE,,,ml19_293a_00660070,A_VALIDER
ml19_293a_0066_part71.wav,71,355,5:55,0.1119,RAS,,,ml19_293a_00660071,A_VALIDER
ml19_293a_0066_part72.wav,72,360,6:00,0.2092,RAS,,,ml19_293a_00660072,A_VALIDER
ml19_293a_0066_part73.wav,73,365,6:05,0.1774,RAS,,,ml19_293a_00660073,A_VALIDER
ml19_293a_0066_part74.wav,74,370,6:10,0.094,RAS,,,ml19_293a_00660074,A_VALIDER
ml19_293a_0066_part75.wav,75,375,6:15,0.1531,RAS,,,ml19_293a_00660075,A_VALIDER
ml19_293a_0066_part76.wav,76,380,6:20,0.1308,RAS,,,ml19_293a_00660076,A_VALIDER
ml19_293a_0066_part77.wav,77,385,6:25,0.1568,RAS,,,ml19_293a_00660077,A_VALIDER
ml19_293a_0066_part78.wav,78,390,6:30,0.1236,RAS,,,ml19_293a_00660078,A_VALIDER
ml19_293a_0066_part79.wav,79,395,6:35,0.1428,RAS,,,ml19_293a_00660079,A_VALIDER
ml19_293a_0066_part80.wav,80,400,6:40,0.1702,RAS,,,ml19_293a_00660080,A_VALIDER
ml19_293a_0066_part81.wav,81,405,6:45,0.246,RAS,,,ml19_293a_00660081,A_VALIDER
ml19_293a_0066_part82.wav,82,410,6:50,0.1284,RAS,,,ml19_293a_00660082,A_VALIDER
ml19_293a_0066_part83.wav,83,415,6:55,0.1301,RAS,,,ml19_293a_00660083,A_VALIDER
ml19_293a_0066_part84.wav,84,420,7:00,0.2153,RAS,,,ml19_293a_00660084,A_VALIDER
ml19_293a_0066_part85.wav,85,425,7:05,0.2076,RAS,,,ml19_293a_00660085,A_VALIDER
ml19_293a_0066_part86.wav,86,430,7:10,0.1523,RAS,,,ml19_293a_00660086,A_VALIDER
ml19_293a_0066_part87.wav,87,435,7:15,0.1525,RAS,,,ml19_293a_00660087,A_VALIDER
ml19_293a_0066_part88.wav,88,440,7:20,0.1227,RAS,,,ml19_293a_00660088,A_VALIDER
ml19_293a_0066_part89.wav,89,445,7:25,0.1431,RAS,,,ml19_293a_00660089,A_VALIDER
ml19_293a_0066_part90.wav,90,450,7:30,0.1323,RAS,,,ml19_293a_00660090,A_VALIDER
ml19_293a_0066_part91.wav,91,455,7:35,0.1766,RAS,,,ml19_293a_00660091,A_VALIDER
ml19_293a_0066_part92.wav,92,460,7:40,0.1712,RAS,,,ml19_293a_00660092,A_VALIDER
ml19_293a_0066_part93.wav,93,465,7:45,0.1022,RAS,,,ml19_293a_00660093,A_VALIDER
ml19_294a_0011_part0.wav,0,0,0:00,0.1485,RAS,,,ml19_294a_00110000,A_VALIDER
ml19_294a_0011_part1.wav,1,5,0:05,0.1592,RAS,,,ml19_294a_00110001,A_VALIDER
ml19_294a_0011_part2.wav,2,10,0:10,0.1879,RAS,,,ml19_294a_00110002,A_VALIDER
ml19_294a_0011_part3.wav,3,15,0:15,0.1612,RAS,,,ml19_294a_00110003,A_VALIDER
ml19_294a_0011_part4.wav,4,20,0:20,0.1633,RAS,,,ml19_294a_00110004,A_VALIDER
ml19_294a_0011_part5.wav,5,25,0:25,0.1791,RAS,,,ml19_294a_00110005,A_VALIDER
ml19_294a_0011_part6.wav,6,30,0:30,0.1576,RAS,,,ml19_294a_00110006,A_VALIDER
ml19_294a_0011_part7.wav,7,35,0:35,0.1421,RAS,,,ml19_294a_00110007,A_VALIDER
ml19_294a_0011_part8.wav,8,40,0:40,0.1822,RAS,,,ml19_294a_00110008,A_VALIDER
ml19_294a_0011_part9.wav,9,45,0:45,0.1674,RAS,,,ml19_294a_00110009,A_VALIDER
ml19_294a_0011_part10.wav,10,50,0:50,0.1883,RAS,,,ml19_294a_00110010,A_VALIDER
ml19_294a_0011_part11.wav,11,55,0:55,0.1586,RAS,,,ml19_294a_00110011,A_VALIDER
ml19_294a_0011_part12.wav,12,60,1:00,0.1843,RAS,,,ml19_294a_00110012,A_VALIDER
ml19_294a_0011_part13.wav,13,65,1:05,0.1666,RAS,,,ml19_294a_00110013,A_VALIDER
ml19_294a_0011_part14.wav,14,70,1:10,0.1495,RAS,,,ml19_294a_00110014,A_VALIDER
ml19_294a_0011_part15.wav,15,75,1:15,0.1594,RAS,,,ml19_294a_00110015,A_VALIDER
ml19_294a_0011_part16.wav,16,80,1:20,0.1924,RAS,,,ml19_294a_00110016,A_VALIDER
ml19_294a_0011_part17.wav,17,85,1:25,0.1641,RAS,,,ml19_294a_00110017,A_VALIDER
ml19_294a_0011_part18.wav,18,90,1:30,0.1404,RAS,,,ml19_294a_00110018,A_VALIDER
ml19_294a_0011_part19.wav,19,95,1:35,0.1791,RAS,,,ml19_294a_00110019,A_VALIDER
ml19_294a_0011_part20.wav,20,100,1:40,0.1637,RAS,,,ml19_294a_00110020,A_VALIDER
ml19_294a_0011_part21.wav,21,105,1:45,0.1531,RAS,,,ml19_294a_00110021,A_VALIDER
ml19_294a_0011_part22.wav,22,110,1:50,0.1393,RAS,,,ml19_294a_00110022,A_VALIDER
ml19_294a_0011_part23.wav,23,115,1:55,0.1467,RAS,,,ml19_294a_00110023,A_VALIDER
ml19_294a_0011_part24.wav,24,120,2:00,0.2081,RAS,,,ml19_294a_00110024,A_VALIDER
ml19_294a_0011_part25.wav,25,125,2:05,0.1499,RAS,,,ml19_294a_00110025,A_VALIDER
ml19_294a_0011_part26.wav,26,130,2:10,0.2058,RAS,,,ml19_294a_00110026,A_VALIDER
ml19_294a_0011_part27.wav,27,135,2:15,0.1849,RAS,,,ml19_294a_00110027,A_VALIDER
ml19_294a_0011_part28.wav,28,140,2:20,0.1664,RAS,,,ml19_294a_00110028,A_VALIDER
ml19_294a_0011_part29.wav,29,145,2:25,0.1721,RAS,,,ml19_294a_00110029,A_VALIDER
ml19_294a_0011_part30.wav,30,150,2:30,0.2216,RAS,,,ml19_294a_00110030,A_VALIDER
ml19_294a_0011_part31.wav,31,155,2:35,0.205,RAS,,,ml19_294a_00110031,A_VALIDER
ml19_294a_0011_part32.wav,32,160,2:40,0.1813,RAS,,,ml19_294a_00110032,A_VALIDER
ml19_294a_0011_part33.wav,33,165,2:45,0.2083,RAS,,,ml19_294a_00110033,A_VALIDER
ml19_294a_0011_part34.wav,34,170,2:50,0.178,RAS,,,ml19_294a_00110034,A_VALIDER
ml19_294a_0011_part35.wav,35,175,2:55,0.1741,RAS,,,ml19_294a_00110035,A_VALIDER
ml19_294a_0011_part36.wav,36,180,3:00,0.2598,ANOMALIE,,,ml19_294a_00110036,A_VALIDER
ml19_294a_0011_part37.wav,37,185,3:05,0.2276,RAS,,,ml19_294a_00110037,A_VALIDER
ml19_294a_0011_part38.wav,38,190,3:10,0.1751,RAS,,,ml19_294a_00110038,A_VALIDER
ml19_294a_0011_part39.wav,39,195,3:15,0.1649,RAS,,,ml19_294a_00110039,A_VALIDER
ml19_294a_0011_part40.wav,40,200,3:20,0.1933,RAS,,,ml19_294a_00110040,A_VALIDER
ml19_294a_0011_part41.wav,41,205,3:25,0.2121,RAS,,,ml19_294a_00110041,A_VALIDER
ml19_294a_0011_part42.wav,42,210,3:30,0.2391,RAS,,,ml19_294a_00110042,A_VALIDER
ml19_294a_0011_part43.wav,43,215,3:35,0.2211,RAS,,,ml19_294a_00110043,A_VALIDER
ml19_294a_0011_part44.wav,44,220,3:40,0.1575,RAS,,,ml19_294a_00110044,A_VALIDER
ml19_294a_0011_part45.wav,45,225,3:45,0.177,RAS,,,ml19_294a_00110045,A_VALIDER
ml19_294a_0011_part46.wav,46,230,3:50,0.1548,RAS,,,ml19_294a_00110046,A_VALIDER
ml19_294a_0011_part47.wav,47,235,3:55,0.1529,RAS,,,ml19_294a_00110047,A_VALIDER
ml19_294a_0011_part48.wav,48,240,4:00,0.2135,RAS,,,ml19_294a_00110048,A_VALIDER
ml19_294a_0011_part49.wav,49,245,4:05,0.1562,RAS,,,ml19_294a_00110049,A_VALIDER
ml19_294a_0011_part50.wav,50,250,4:10,0.1645,RAS,,,ml19_294a_00110050,A_VALIDER
ml19_294a_0011_part51.wav,51,255,4:15,0.191,RAS,,,ml19_294a_00110051,A_VALIDER
ml19_294a_0011_part52.wav,52,260,4:20,0.139,RAS,,,ml19_294a_00110052,A_VALIDER
ml19_294a_0011_part53.wav,53,265,4:25,0.1502,RAS,,,ml19_294a_00110053,A_VALIDER
ml19_294a_0011_part54.wav,54,270,4:30,0.1418,RAS,,,ml19_294a_00110054,A_VALIDER
ml19_294a_0011_part55.wav,55,275,4:35,0.1555,RAS,,,ml19_294a_00110055,A_VALIDER
ml19_294a_0011_part56.wav,56,280,4:40,0.1862,RAS,,,ml19_294a_00110056,A_VALIDER
ml19_294a_0011_part57.wav,57,285,4:45,0.1594,RAS,,,ml19_294a_00110057,A_VALIDER
ml19_294a_0011_part58.wav,58,290,4:50,0.1426,RAS,,,ml19_294a_00110058,A_VALIDER
ml19_294a_0011_part59.wav,59,295,4:55,0.1486,RAS,,,ml19_294a_00110059,A_VALIDER
ml19_294a_0011_part60.wav,60,300,5:00,0.1437,RAS,,,ml19_294a_00110060,A_VALIDER
ml19_294a_0011_part61.wav,61,305,5:05,0.173,RAS,,,ml19_294a_00110061,A_VALIDER
ml19_294a_0011_part62.wav,62,310,5:10,0.1644,RAS,,,ml19_294a_00110062,A_VALIDER
